model_id,country_code,year,month,contracts,ordertype_id
100,DE,2023,1,77,1
100,DE,2023,2,88,1
100,DE,2023,3,118,2
100,DE,2023,4,110,1
100,DE,2023,5,86,2
100,DE,2023,6,104,2
100,DE,2023,7,111,1
100,DE,2023,8,80,1
100,DE,2023,9,100,1
100,DE,2023,10,97,1
100,DE,2023,11,83,1
100,DE,2023,12,100,2
100,DE,2024,1,74,3
100,DE,2024,2,64,1
100,DE,2024,3,80,2
100,DE,2024,4,82,1
100,DE,2024,5,76,1
100,DE,2024,6,113,1
100,DE,2024,7,77,2
100,DE,2024,8,56,2
100,DE,2024,9,131,2
100,DE,2024,10,86,1
100,DE,2024,11,90,1
100,DE,2024,12,84,1
100,FR,2023,1,66,1
100,FR,2023,2,91,2
100,FR,2023,3,89,2
100,FR,2023,4,95,2
100,FR,2023,5,81,1
100,FR,2023,6,103,1
100,FR,2023,7,81,1
100,FR,2023,8,92,1
100,FR,2023,9,107,1
100,FR,2023,10,75,2
100,FR,2023,11,101,2
100,FR,2023,12,88,1
100,FR,2024,1,74,1
100,FR,2024,2,63,1
100,FR,2024,3,86,1
100,FR,2024,4,92,2
100,FR,2024,5,99,1
100,FR,2024,6,110,1
100,FR,2024,7,88,1
100,FR,2024,8,68,2
100,FR,2024,9,84,1
100,FR,2024,10,80,1
100,FR,2024,11,83,1
100,FR,2024,12,125,2
100,IT,2023,1,63,3
100,IT,2023,2,55,1
100,IT,2023,3,94,2
100,IT,2023,4,70,2
100,IT,2023,5,67,2
100,IT,2023,6,98,2
100,IT,2023,7,86,2
100,IT,2023,8,68,1
100,IT,2023,9,78,2
100,IT,2023,10,71,1
100,IT,2023,11,78,2
100,IT,2023,12,103,1
100,IT,2024,1,55,2
100,IT,2024,2,72,2
100,IT,2024,3,75,1
100,IT,2024,4,61,2
100,IT,2024,5,84,1
100,IT,2024,6,108,2
100,IT,2024,7,74,1
100,IT,2024,8,69,1
100,IT,2024,9,94,2
100,IT,2024,10,67,1
100,IT,2024,11,79,2
100,IT,2024,12,110,1
100,ES,2023,1,59,1
100,ES,2023,2,92,1
100,ES,2023,3,54,1
100,ES,2023,4,84,1
100,ES,2023,5,75,1
100,ES,2023,6,85,1
100,ES,2023,7,76,1
100,ES,2023,8,42,3
100,ES,2023,9,87,3
100,ES,2023,10,79,1
100,ES,2023,11,91,2
100,ES,2023,12,83,1
100,ES,2024,1,52,2
100,ES,2024,2,69,2
100,ES,2024,3,102,2
100,ES,2024,4,78,1
100,ES,2024,5,69,2
100,ES,2024,6,96,1
100,ES,2024,7,76,3
100,ES,2024,8,68,1
100,ES,2024,9,80,2
100,ES,2024,10,71,2
100,ES,2024,11,70,2
100,ES,2024,12,70,1
100,UK,2023,1,75,2
100,UK,2023,2,93,1
100,UK,2023,3,108,2
100,UK,2023,4,86,1
100,UK,2023,5,70,1
100,UK,2023,6,101,1
100,UK,2023,7,85,1
100,UK,2023,8,63,1
100,UK,2023,9,105,1
100,UK,2023,10,95,1
100,UK,2023,11,115,2
100,UK,2023,12,110,2
100,UK,2024,1,74,1
100,UK,2024,2,88,1
100,UK,2024,3,76,1
100,UK,2024,4,89,1
100,UK,2024,5,90,2
100,UK,2024,6,147,2
100,UK,2024,7,87,1
100,UK,2024,8,75,1
100,UK,2024,9,107,1
100,UK,2024,10,74,2
100,UK,2024,11,105,3
100,UK,2024,12,120,1
100,PL,2023,1,60,1
100,PL,2023,2,58,2
100,PL,2023,3,98,2
100,PL,2023,4,53,1
100,PL,2023,5,73,1
100,PL,2023,6,107,1
100,PL,2023,7,57,1
100,PL,2023,8,49,1
100,PL,2023,9,82,1
100,PL,2023,10,62,1
100,PL,2023,11,51,1
100,PL,2023,12,81,2
100,PL,2024,1,45,1
100,PL,2024,2,72,1
100,PL,2024,3,69,1
100,PL,2024,4,83,1
100,PL,2024,5,59,3
100,PL,2024,6,77,1
100,PL,2024,7,75,1
100,PL,2024,8,44,2
100,PL,2024,9,83,1
100,PL,2024,10,80,2
100,PL,2024,11,51,1
100,PL,2024,12,83,1
100,RO,2023,1,56,1
100,RO,2023,2,75,1
100,RO,2023,3,65,2
100,RO,2023,4,54,2
100,RO,2023,5,72,1
100,RO,2023,6,84,1
100,RO,2023,7,70,2
100,RO,2023,8,56,2
100,RO,2023,9,72,1
100,RO,2023,10,69,1
100,RO,2023,11,70,1
100,RO,2023,12,72,2
100,RO,2024,1,69,1
100,RO,2024,2,72,1
100,RO,2024,3,66,2
100,RO,2024,4,74,1
100,RO,2024,5,57,1
100,RO,2024,6,90,1
100,RO,2024,7,79,1
100,RO,2024,8,47,1
100,RO,2024,9,92,1
100,RO,2024,10,71,1
100,RO,2024,11,75,1
100,RO,2024,12,104,2
101,DE,2023,1,41,2
101,DE,2023,2,47,1
101,DE,2023,3,56,1
101,DE,2023,4,47,1
101,DE,2023,5,53,1
101,DE,2023,6,68,1
101,DE,2023,7,56,2
101,DE,2023,8,48,1
101,DE,2023,9,64,1
101,DE,2023,10,65,1
101,DE,2023,11,51,2
101,DE,2023,12,91,1
101,DE,2024,1,47,2
101,DE,2024,2,47,1
101,DE,2024,3,54,2
101,DE,2024,4,57,2
101,DE,2024,5,52,1
101,DE,2024,6,71,1
101,DE,2024,7,57,1
101,DE,2024,8,42,1
101,DE,2024,9,56,2
101,DE,2024,10,41,2
101,DE,2024,11,50,2
101,DE,2024,12,73,2
101,FR,2023,1,44,1
101,FR,2023,2,43,1
101,FR,2023,3,66,2
101,FR,2023,4,57,1
101,FR,2023,5,46,2
101,FR,2023,6,66,1
101,FR,2023,7,54,1
101,FR,2023,8,35,3
101,FR,2023,9,68,1
101,FR,2023,10,58,3
101,FR,2023,11,62,3
101,FR,2023,12,75,2
101,FR,2024,1,34,2
101,FR,2024,2,46,1
101,FR,2024,3,69,2
101,FR,2024,4,58,1
101,FR,2024,5,58,1
101,FR,2024,6,102,2
101,FR,2024,7,58,1
101,FR,2024,8,50,1
101,FR,2024,9,74,1
101,FR,2024,10,59,1
101,FR,2024,11,51,2
101,FR,2024,12,72,1
101,IT,2023,1,31,2
101,IT,2023,2,43,2
101,IT,2023,3,50,2
101,IT,2023,4,45,1
101,IT,2023,5,60,2
101,IT,2023,6,38,1
101,IT,2023,7,49,2
101,IT,2023,8,27,1
101,IT,2023,9,50,2
101,IT,2023,10,52,3
101,IT,2023,11,45,1
101,IT,2023,12,45,1
101,IT,2024,1,32,2
101,IT,2024,2,49,1
101,IT,2024,3,48,2
101,IT,2024,4,46,1
101,IT,2024,5,45,1
101,IT,2024,6,48,3
101,IT,2024,7,59,2
101,IT,2024,8,39,2
101,IT,2024,9,37,1
101,IT,2024,10,46,2
101,IT,2024,11,40,1
101,IT,2024,12,60,2
101,ES,2023,1,31,2
101,ES,2023,2,44,1
101,ES,2023,3,58,1
101,ES,2023,4,50,1
101,ES,2023,5,36,2
101,ES,2023,6,51,1
101,ES,2023,7,41,2
101,ES,2023,8,32,1
101,ES,2023,9,68,2
101,ES,2023,10,47,2
101,ES,2023,11,36,1
101,ES,2023,12,61,1
101,ES,2024,1,47,1
101,ES,2024,2,51,2
101,ES,2024,3,41,2
101,ES,2024,4,41,1
101,ES,2024,5,53,2
101,ES,2024,6,48,1
101,ES,2024,7,47,1
101,ES,2024,8,40,2
101,ES,2024,9,46,1
101,ES,2024,10,44,1
101,ES,2024,11,23,1
101,ES,2024,12,45,1
101,UK,2023,1,41,1
101,UK,2023,2,43,1
101,UK,2023,3,80,2
101,UK,2023,4,42,1
101,UK,2023,5,50,1
101,UK,2023,6,66,1
101,UK,2023,7,65,1
101,UK,2023,8,33,2
101,UK,2023,9,76,3
101,UK,2023,10,54,1
101,UK,2023,11,46,2
101,UK,2023,12,69,1
101,UK,2024,1,44,1
101,UK,2024,2,49,1
101,UK,2024,3,65,1
101,UK,2024,4,50,1
101,UK,2024,5,54,2
101,UK,2024,6,71,1
101,UK,2024,7,66,2
101,UK,2024,8,35,1
101,UK,2024,9,85,1
101,UK,2024,10,38,2
101,UK,2024,11,52,1
101,UK,2024,12,70,1
101,PL,2023,1,33,2
101,PL,2023,2,36,2
101,PL,2023,3,47,2
101,PL,2023,4,37,2
101,PL,2023,5,36,2
101,PL,2023,6,54,2
101,PL,2023,7,42,1
101,PL,2023,8,29,1
101,PL,2023,9,55,1
101,PL,2023,10,42,1
101,PL,2023,11,45,2
101,PL,2023,12,53,2
101,PL,2024,1,28,1
101,PL,2024,2,37,1
101,PL,2024,3,54,2
101,PL,2024,4,44,1
101,PL,2024,5,40,2
101,PL,2024,6,49,1
101,PL,2024,7,48,1
101,PL,2024,8,29,1
101,PL,2024,9,52,1
101,PL,2024,10,39,2
101,PL,2024,11,39,2
101,PL,2024,12,56,2
101,RO,2023,1,36,1
101,RO,2023,2,45,1
101,RO,2023,3,58,2
101,RO,2023,4,40,2
101,RO,2023,5,44,1
101,RO,2023,6,46,1
101,RO,2023,7,42,2
101,RO,2023,8,31,1
101,RO,2023,9,49,1
101,RO,2023,10,44,1
101,RO,2023,11,35,1
101,RO,2023,12,63,2
101,RO,2024,1,27,3
101,RO,2024,2,33,1
101,RO,2024,3,57,1
101,RO,2024,4,45,1
101,RO,2024,5,44,1
101,RO,2024,6,53,1
101,RO,2024,7,40,2
101,RO,2024,8,28,1
101,RO,2024,9,49,1
101,RO,2024,10,36,1
101,RO,2024,11,46,1
101,RO,2024,12,47,1
102,DE,2023,1,29,1
102,DE,2023,2,39,3
102,DE,2023,3,53,1
102,DE,2023,4,38,1
102,DE,2023,5,36,2
102,DE,2023,6,52,3
102,DE,2023,7,43,1
102,DE,2023,8,31,2
102,DE,2023,9,46,1
102,DE,2023,10,43,1
102,DE,2023,11,32,1
102,DE,2023,12,39,2
102,DE,2024,1,29,2
102,DE,2024,2,40,1
102,DE,2024,3,52,1
102,DE,2024,4,51,2
102,DE,2024,5,47,1
102,DE,2024,6,49,1
102,DE,2024,7,41,2
102,DE,2024,8,28,2
102,DE,2024,9,50,2
102,DE,2024,10,40,2
102,DE,2024,11,44,1
102,DE,2024,12,44,2
102,FR,2023,1,36,2
102,FR,2023,2,51,1
102,FR,2023,3,49,1
102,FR,2023,4,44,1
102,FR,2023,5,46,1
102,FR,2023,6,47,2
102,FR,2023,7,43,2
102,FR,2023,8,33,1
102,FR,2023,9,51,1
102,FR,2023,10,37,3
102,FR,2023,11,42,1
102,FR,2023,12,54,1
102,FR,2024,1,40,1
102,FR,2024,2,48,1
102,FR,2024,3,66,1
102,FR,2024,4,37,1
102,FR,2024,5,47,1
102,FR,2024,6,51,1
102,FR,2024,7,55,1
102,FR,2024,8,29,1
102,FR,2024,9,44,2
102,FR,2024,10,38,2
102,FR,2024,11,28,1
102,FR,2024,12,46,1
102,IT,2023,1,24,2
102,IT,2023,2,35,1
102,IT,2023,3,44,1
102,IT,2023,4,44,2
102,IT,2023,5,39,2
102,IT,2023,6,38,2
102,IT,2023,7,30,1
102,IT,2023,8,30,2
102,IT,2023,9,33,1
102,IT,2023,10,44,2
102,IT,2023,11,41,1
102,IT,2023,12,39,1
102,IT,2024,1,20,2
102,IT,2024,2,42,1
102,IT,2024,3,41,1
102,IT,2024,4,41,2
102,IT,2024,5,26,1
102,IT,2024,6,38,1
102,IT,2024,7,35,1
102,IT,2024,8,28,2
102,IT,2024,9,39,2
102,IT,2024,10,38,1
102,IT,2024,11,29,2
102,IT,2024,12,41,1
102,ES,2023,1,28,2
102,ES,2023,2,37,1
102,ES,2023,3,46,1
102,ES,2023,4,29,2
102,ES,2023,5,26,1
102,ES,2023,6,50,1
102,ES,2023,7,36,1
102,ES,2023,8,24,3
102,ES,2023,9,51,1
102,ES,2023,10,35,1
102,ES,2023,11,41,1
102,ES,2023,12,42,1
102,ES,2024,1,36,1
102,ES,2024,2,44,2
102,ES,2024,3,40,3
102,ES,2024,4,40,1
102,ES,2024,5,38,1
102,ES,2024,6,50,1
102,ES,2024,7,29,1
102,ES,2024,8,30,2
102,ES,2024,9,48,1
102,ES,2024,10,25,1
102,ES,2024,11,28,2
102,ES,2024,12,29,1
102,UK,2023,1,32,2
102,UK,2023,2,46,1
102,UK,2023,3,61,2
102,UK,2023,4,42,2
102,UK,2023,5,52,2
102,UK,2023,6,39,3
102,UK,2023,7,31,1
102,UK,2023,8,33,1
102,UK,2023,9,53,2
102,UK,2023,10,41,1
102,UK,2023,11,28,1
102,UK,2023,12,49,1
102,UK,2024,1,27,1
102,UK,2024,2,46,1
102,UK,2024,3,53,1
102,UK,2024,4,36,2
102,UK,2024,5,38,1
102,UK,2024,6,42,1
102,UK,2024,7,41,1
102,UK,2024,8,38,1
102,UK,2024,9,42,2
102,UK,2024,10,45,1
102,UK,2024,11,38,1
102,UK,2024,12,44,2
102,PL,2023,1,24,1
102,PL,2023,2,26,1
102,PL,2023,3,34,1
102,PL,2023,4,25,2
102,PL,2023,5,40,1
102,PL,2023,6,37,1
102,PL,2023,7,28,1
102,PL,2023,8,26,1
102,PL,2023,9,37,1
102,PL,2023,10,30,1
102,PL,2023,11,34,1
102,PL,2023,12,42,2
102,PL,2024,1,23,2
102,PL,2024,2,28,1
102,PL,2024,3,36,2
102,PL,2024,4,20,1
102,PL,2024,5,24,1
102,PL,2024,6,45,2
102,PL,2024,7,39,2
102,PL,2024,8,24,2
102,PL,2024,9,41,1
102,PL,2024,10,32,2
102,PL,2024,11,46,1
102,PL,2024,12,44,2
102,RO,2023,1,24,3
102,RO,2023,2,26,1
102,RO,2023,3,28,2
102,RO,2023,4,32,1
102,RO,2023,5,27,1
102,RO,2023,6,29,1
102,RO,2023,7,28,1
102,RO,2023,8,21,2
102,RO,2023,9,47,2
102,RO,2023,10,35,1
102,RO,2023,11,31,2
102,RO,2023,12,46,3
102,RO,2024,1,25,1
102,RO,2024,2,27,3
102,RO,2024,3,46,1
102,RO,2024,4,34,2
102,RO,2024,5,26,1
102,RO,2024,6,36,1
102,RO,2024,7,27,1
102,RO,2024,8,19,2
102,RO,2024,9,43,1
102,RO,2024,10,40,1
102,RO,2024,11,24,1
102,RO,2024,12,40,2
103,DE,2023,1,64,1
103,DE,2023,2,83,1
103,DE,2023,3,98,1
103,DE,2023,4,78,1
103,DE,2023,5,90,2
103,DE,2023,6,94,2
103,DE,2023,7,93,1
103,DE,2023,8,71,1
103,DE,2023,9,104,2
103,DE,2023,10,77,1
103,DE,2023,11,82,2
103,DE,2023,12,120,2
103,DE,2024,1,77,2
103,DE,2024,2,76,1
103,DE,2024,3,109,1
103,DE,2024,4,100,3
103,DE,2024,5,67,1
103,DE,2024,6,116,2
103,DE,2024,7,81,1
103,DE,2024,8,78,2
103,DE,2024,9,95,1
103,DE,2024,10,65,1
103,DE,2024,11,68,1
103,DE,2024,12,108,2
103,FR,2023,1,74,2
103,FR,2023,2,77,1
103,FR,2023,3,118,1
103,FR,2023,4,67,2
103,FR,2023,5,89,1
103,FR,2023,6,88,1
103,FR,2023,7,81,1
103,FR,2023,8,72,1
103,FR,2023,9,94,1
103,FR,2023,10,84,1
103,FR,2023,11,103,1
103,FR,2023,12,98,1
103,FR,2024,1,81,1
103,FR,2024,2,74,1
103,FR,2024,3,116,1
103,FR,2024,4,109,2
103,FR,2024,5,56,1
103,FR,2024,6,95,1
103,FR,2024,7,97,1
103,FR,2024,8,69,1
103,FR,2024,9,114,1
103,FR,2024,10,81,1
103,FR,2024,11,91,2
103,FR,2024,12,105,1
103,IT,2023,1,70,3
103,IT,2023,2,77,1
103,IT,2023,3,94,1
103,IT,2023,4,70,1
103,IT,2023,5,69,1
103,IT,2023,6,84,1
103,IT,2023,7,79,2
103,IT,2023,8,56,1
103,IT,2023,9,93,2
103,IT,2023,10,98,2
103,IT,2023,11,84,1
103,IT,2023,12,85,1
103,IT,2024,1,70,1
103,IT,2024,2,70,1
103,IT,2024,3,62,1
103,IT,2024,4,63,1
103,IT,2024,5,53,1
103,IT,2024,6,85,1
103,IT,2024,7,75,3
103,IT,2024,8,75,2
103,IT,2024,9,94,2
103,IT,2024,10,72,1
103,IT,2024,11,84,1
103,IT,2024,12,60,1
103,ES,2023,1,62,1
103,ES,2023,2,83,1
103,ES,2023,3,70,2
103,ES,2023,4,87,2
103,ES,2023,5,78,1
103,ES,2023,6,84,1
103,ES,2023,7,82,1
103,ES,2023,8,80,1
103,ES,2023,9,92,1
103,ES,2023,10,77,1
103,ES,2023,11,69,1
103,ES,2023,12,78,3
103,ES,2024,1,67,1
103,ES,2024,2,65,2
103,ES,2024,3,90,1
103,ES,2024,4,69,1
103,ES,2024,5,80,1
103,ES,2024,6,94,1
103,ES,2024,7,86,1
103,ES,2024,8,55,2
103,ES,2024,9,86,2
103,ES,2024,10,63,1
103,ES,2024,11,70,1
103,ES,2024,12,95,2
103,UK,2023,1,80,1
103,UK,2023,2,77,1
103,UK,2023,3,122,1
103,UK,2023,4,108,2
103,UK,2023,5,95,3
103,UK,2023,6,138,1
103,UK,2023,7,79,2
103,UK,2023,8,58,2
103,UK,2023,9,79,1
103,UK,2023,10,110,1
103,UK,2023,11,98,1
103,UK,2023,12,107,3
103,UK,2024,1,75,1
103,UK,2024,2,74,2
103,UK,2024,3,147,1
103,UK,2024,4,91,2
103,UK,2024,5,91,1
103,UK,2024,6,119,1
103,UK,2024,7,96,2
103,UK,2024,8,74,2
103,UK,2024,9,95,2
103,UK,2024,10,96,1
103,UK,2024,11,115,2
103,UK,2024,12,129,1
103,PL,2023,1,66,1
103,PL,2023,2,62,1
103,PL,2023,3,68,1
103,PL,2023,4,66,1
103,PL,2023,5,68,3
103,PL,2023,6,94,1
103,PL,2023,7,50,2
103,PL,2023,8,66,1
103,PL,2023,9,79,1
103,PL,2023,10,63,1
103,PL,2023,11,57,2
103,PL,2023,12,60,2
103,PL,2024,1,60,2
103,PL,2024,2,68,3
103,PL,2024,3,65,1
103,PL,2024,4,54,1
103,PL,2024,5,64,2
103,PL,2024,6,101,1
103,PL,2024,7,64,1
103,PL,2024,8,41,1
103,PL,2024,9,78,1
103,PL,2024,10,64,1
103,PL,2024,11,40,1
103,PL,2024,12,80,1
103,RO,2023,1,52,1
103,RO,2023,2,74,1
103,RO,2023,3,103,1
103,RO,2023,4,78,2
103,RO,2023,5,64,1
103,RO,2023,6,67,1
103,RO,2023,7,93,2
103,RO,2023,8,54,1
103,RO,2023,9,81,1
103,RO,2023,10,67,2
103,RO,2023,11,69,1
103,RO,2023,12,79,2
103,RO,2024,1,49,2
103,RO,2024,2,61,2
103,RO,2024,3,80,1
103,RO,2024,4,61,1
103,RO,2024,5,60,1
103,RO,2024,6,82,1
103,RO,2024,7,64,1
103,RO,2024,8,66,1
103,RO,2024,9,48,1
103,RO,2024,10,78,1
103,RO,2024,11,80,1
103,RO,2024,12,55,1
104,DE,2023,1,40,2
104,DE,2023,2,50,1
104,DE,2023,3,51,1
104,DE,2023,4,47,2
104,DE,2023,5,45,1
104,DE,2023,6,81,1
104,DE,2023,7,61,1
104,DE,2023,8,51,2
104,DE,2023,9,71,1
104,DE,2023,10,44,1
104,DE,2023,11,49,1
104,DE,2023,12,69,2
104,DE,2024,1,35,1
104,DE,2024,2,59,1
104,DE,2024,3,62,2
104,DE,2024,4,50,1
104,DE,2024,5,59,2
104,DE,2024,6,69,1
104,DE,2024,7,51,2
104,DE,2024,8,50,1
104,DE,2024,9,54,2
104,DE,2024,10,58,2
104,DE,2024,11,58,1
104,DE,2024,12,61,1
104,FR,2023,1,45,1
104,FR,2023,2,43,1
104,FR,2023,3,73,1
104,FR,2023,4,52,1
104,FR,2023,5,49,1
104,FR,2023,6,74,1
104,FR,2023,7,48,1
104,FR,2023,8,34,2
104,FR,2023,9,49,1
104,FR,2023,10,58,1
104,FR,2023,11,43,1
104,FR,2023,12,81,1
104,FR,2024,1,29,1
104,FR,2024,2,67,1
104,FR,2024,3,66,1
104,FR,2024,4,53,2
104,FR,2024,5,49,1
104,FR,2024,6,68,2
104,FR,2024,7,53,2
104,FR,2024,8,50,2
104,FR,2024,9,65,2
104,FR,2024,10,55,1
104,FR,2024,11,51,1
104,FR,2024,12,64,2
104,IT,2023,1,37,1
104,IT,2023,2,33,1
104,IT,2023,3,43,2
104,IT,2023,4,50,2
104,IT,2023,5,46,2
104,IT,2023,6,52,3
104,IT,2023,7,45,2
104,IT,2023,8,37,1
104,IT,2023,9,49,2
104,IT,2023,10,39,1
104,IT,2023,11,46,1
104,IT,2023,12,46,2
104,IT,2024,1,38,1
104,IT,2024,2,33,1
104,IT,2024,3,62,1
104,IT,2024,4,48,2
104,IT,2024,5,46,1
104,IT,2024,6,61,2
104,IT,2024,7,56,1
104,IT,2024,8,41,2
104,IT,2024,9,39,2
104,IT,2024,10,36,1
104,IT,2024,11,40,1
104,IT,2024,12,54,1
104,ES,2023,1,38,3
104,ES,2023,2,40,2
104,ES,2023,3,55,2
104,ES,2023,4,39,1
104,ES,2023,5,40,2
104,ES,2023,6,42,2
104,ES,2023,7,38,2
104,ES,2023,8,28,3
104,ES,2023,9,46,1
104,ES,2023,10,52,1
104,ES,2023,11,38,2
104,ES,2023,12,75,2
104,ES,2024,1,38,1
104,ES,2024,2,46,1
104,ES,2024,3,47,1
104,ES,2024,4,49,1
104,ES,2024,5,41,1
104,ES,2024,6,54,2
104,ES,2024,7,62,2
104,ES,2024,8,35,1
104,ES,2024,9,63,1
104,ES,2024,10,40,1
104,ES,2024,11,44,1
104,ES,2024,12,68,2
104,UK,2023,1,39,2
104,UK,2023,2,68,1
104,UK,2023,3,71,2
104,UK,2023,4,49,2
104,UK,2023,5,59,2
104,UK,2023,6,74,1
104,UK,2023,7,59,3
104,UK,2023,8,33,1
104,UK,2023,9,57,1
104,UK,2023,10,51,1
104,UK,2023,11,53,1
104,UK,2023,12,70,1
104,UK,2024,1,44,1
104,UK,2024,2,43,1
104,UK,2024,3,68,2
104,UK,2024,4,58,2
104,UK,2024,5,58,1
104,UK,2024,6,75,2
104,UK,2024,7,60,2
104,UK,2024,8,46,2
104,UK,2024,9,64,1
104,UK,2024,10,40,2
104,UK,2024,11,57,2
104,UK,2024,12,66,2
104,PL,2023,1,33,1
104,PL,2023,2,32,1
104,PL,2023,3,40,2
104,PL,2023,4,46,1
104,PL,2023,5,40,1
104,PL,2023,6,53,1
104,PL,2023,7,40,2
104,PL,2023,8,32,2
104,PL,2023,9,55,1
104,PL,2023,10,37,3
104,PL,2023,11,41,1
104,PL,2023,12,45,2
104,PL,2024,1,30,2
104,PL,2024,2,38,2
104,PL,2024,3,50,2
104,PL,2024,4,37,1
104,PL,2024,5,48,2
104,PL,2024,6,42,1
104,PL,2024,7,39,2
104,PL,2024,8,30,2
104,PL,2024,9,59,2
104,PL,2024,10,41,1
104,PL,2024,11,46,2
104,PL,2024,12,37,1
104,RO,2023,1,33,1
104,RO,2023,2,45,2
104,RO,2023,3,49,1
104,RO,2023,4,46,2
104,RO,2023,5,37,1
104,RO,2023,6,58,1
104,RO,2023,7,54,2
104,RO,2023,8,30,1
104,RO,2023,9,45,1
104,RO,2023,10,49,2
104,RO,2023,11,50,1
104,RO,2023,12,44,2
104,RO,2024,1,30,1
104,RO,2024,2,38,2
104,RO,2024,3,38,2
104,RO,2024,4,34,2
104,RO,2024,5,34,1
104,RO,2024,6,43,2
104,RO,2024,7,40,2
104,RO,2024,8,33,2
104,RO,2024,9,59,1
104,RO,2024,10,34,2
104,RO,2024,11,46,2
104,RO,2024,12,47,1
105,DE,2023,1,33,1
105,DE,2023,2,46,2
105,DE,2023,3,41,1
105,DE,2023,4,44,3
105,DE,2023,5,43,2
105,DE,2023,6,54,2
105,DE,2023,7,43,1
105,DE,2023,8,45,1
105,DE,2023,9,45,2
105,DE,2023,10,38,1
105,DE,2023,11,38,2
105,DE,2023,12,46,1
105,DE,2024,1,30,1
105,DE,2024,2,49,1
105,DE,2024,3,61,1
105,DE,2024,4,38,3
105,DE,2024,5,36,1
105,DE,2024,6,53,1
105,DE,2024,7,38,1
105,DE,2024,8,36,1
105,DE,2024,9,51,1
105,DE,2024,10,32,2
105,DE,2024,11,51,1
105,DE,2024,12,63,1
105,FR,2023,1,30,1
105,FR,2023,2,39,3
105,FR,2023,3,52,1
105,FR,2023,4,44,1
105,FR,2023,5,46,2
105,FR,2023,6,65,1
105,FR,2023,7,40,1
105,FR,2023,8,29,1
105,FR,2023,9,39,2
105,FR,2023,10,37,1
105,FR,2023,11,41,2
105,FR,2023,12,63,2
105,FR,2024,1,30,1
105,FR,2024,2,43,1
105,FR,2024,3,50,1
105,FR,2024,4,49,2
105,FR,2024,5,57,1
105,FR,2024,6,46,1
105,FR,2024,7,38,1
105,FR,2024,8,38,3
105,FR,2024,9,55,1
105,FR,2024,10,53,2
105,FR,2024,11,45,1
105,FR,2024,12,47,1
105,IT,2023,1,30,1
105,IT,2023,2,40,1
105,IT,2023,3,47,1
105,IT,2023,4,37,1
105,IT,2023,5,40,2
105,IT,2023,6,49,2
105,IT,2023,7,42,2
105,IT,2023,8,30,1
105,IT,2023,9,40,1
105,IT,2023,10,35,1
105,IT,2023,11,41,2
105,IT,2023,12,36,2
105,IT,2024,1,29,1
105,IT,2024,2,32,1
105,IT,2024,3,42,1
105,IT,2024,4,41,1
105,IT,2024,5,36,1
105,IT,2024,6,42,2
105,IT,2024,7,27,2
105,IT,2024,8,31,1
105,IT,2024,9,46,1
105,IT,2024,10,46,3
105,IT,2024,11,33,1
105,IT,2024,12,43,1
105,ES,2023,1,29,1
105,ES,2023,2,43,1
105,ES,2023,3,41,1
105,ES,2023,4,36,2
105,ES,2023,5,38,1
105,ES,2023,6,43,1
105,ES,2023,7,32,2
105,ES,2023,8,28,1
105,ES,2023,9,48,2
105,ES,2023,10,29,2
105,ES,2023,11,35,1
105,ES,2023,12,37,2
105,ES,2024,1,33,1
105,ES,2024,2,27,3
105,ES,2024,3,38,1
105,ES,2024,4,36,3
105,ES,2024,5,43,2
105,ES,2024,6,41,1
105,ES,2024,7,32,1
105,ES,2024,8,35,3
105,ES,2024,9,32,2
105,ES,2024,10,23,1
105,ES,2024,11,37,2
105,ES,2024,12,38,1
105,UK,2023,1,28,1
105,UK,2023,2,46,1
105,UK,2023,3,52,1
105,UK,2023,4,38,2
105,UK,2023,5,33,1
105,UK,2023,6,56,2
105,UK,2023,7,46,1
105,UK,2023,8,33,1
105,UK,2023,9,64,1
105,UK,2023,10,35,1
105,UK,2023,11,32,1
105,UK,2023,12,45,1
105,UK,2024,1,33,1
105,UK,2024,2,43,1
105,UK,2024,3,48,1
105,UK,2024,4,44,1
105,UK,2024,5,34,2
105,UK,2024,6,61,2
105,UK,2024,7,41,1
105,UK,2024,8,39,1
105,UK,2024,9,52,1
105,UK,2024,10,44,3
105,UK,2024,11,45,1
105,UK,2024,12,53,1
105,PL,2023,1,27,1
105,PL,2023,2,37,1
105,PL,2023,3,38,1
105,PL,2023,4,34,2
105,PL,2023,5,31,1
105,PL,2023,6,45,2
105,PL,2023,7,28,1
105,PL,2023,8,32,1
105,PL,2023,9,37,2
105,PL,2023,10,24,1
105,PL,2023,11,32,2
105,PL,2023,12,33,1
105,PL,2024,1,28,1
105,PL,2024,2,28,3
105,PL,2024,3,35,1
105,PL,2024,4,22,2
105,PL,2024,5,29,1
105,PL,2024,6,24,2
105,PL,2024,7,24,1
105,PL,2024,8,28,1
105,PL,2024,9,42,2
105,PL,2024,10,33,2
105,PL,2024,11,26,2
105,PL,2024,12,37,2
105,RO,2023,1,25,2
105,RO,2023,2,26,1
105,RO,2023,3,46,1
105,RO,2023,4,35,1
105,RO,2023,5,30,1
105,RO,2023,6,37,1
105,RO,2023,7,32,1
105,RO,2023,8,17,1
105,RO,2023,9,36,2
105,RO,2023,10,28,1
105,RO,2023,11,26,1
105,RO,2023,12,36,1
105,RO,2024,1,31,2
105,RO,2024,2,34,2
105,RO,2024,3,34,2
105,RO,2024,4,34,1
105,RO,2024,5,38,1
105,RO,2024,6,43,1
105,RO,2024,7,31,1
105,RO,2024,8,22,1
105,RO,2024,9,41,1
105,RO,2024,10,33,1
105,RO,2024,11,35,3
105,RO,2024,12,41,3
106,DE,2023,1,83,1
106,DE,2023,2,82,1
106,DE,2023,3,129,1
106,DE,2023,4,92,1
106,DE,2023,5,118,2
106,DE,2023,6,96,1
106,DE,2023,7,113,2
106,DE,2023,8,74,1
106,DE,2023,9,97,3
106,DE,2023,10,83,1
106,DE,2023,11,85,2
106,DE,2023,12,114,1
106,DE,2024,1,77,2
106,DE,2024,2,82,1
106,DE,2024,3,107,1
106,DE,2024,4,118,2
106,DE,2024,5,113,2
106,DE,2024,6,115,2
106,DE,2024,7,90,2
106,DE,2024,8,73,2
106,DE,2024,9,117,1
106,DE,2024,10,76,1
106,DE,2024,11,86,1
106,DE,2024,12,80,2
106,FR,2023,1,76,1
106,FR,2023,2,98,1
106,FR,2023,3,100,1
106,FR,2023,4,111,2
106,FR,2023,5,73,1
106,FR,2023,6,84,1
106,FR,2023,7,93,1
106,FR,2023,8,83,1
106,FR,2023,9,135,1
106,FR,2023,10,83,2
106,FR,2023,11,104,2
106,FR,2023,12,107,2
106,FR,2024,1,70,1
106,FR,2024,2,101,2
106,FR,2024,3,118,1
106,FR,2024,4,68,1
106,FR,2024,5,109,2
106,FR,2024,6,130,1
106,FR,2024,7,81,1
106,FR,2024,8,76,2
106,FR,2024,9,116,1
106,FR,2024,10,93,2
106,FR,2024,11,82,1
106,FR,2024,12,97,2
106,IT,2023,1,59,1
106,IT,2023,2,88,1
106,IT,2023,3,97,2
106,IT,2023,4,70,1
106,IT,2023,5,83,1
106,IT,2023,6,51,1
106,IT,2023,7,87,1
106,IT,2023,8,44,1
106,IT,2023,9,85,1
106,IT,2023,10,62,2
106,IT,2023,11,60,1
106,IT,2023,12,105,1
106,IT,2024,1,55,1
106,IT,2024,2,78,1
106,IT,2024,3,89,2
106,IT,2024,4,80,1
106,IT,2024,5,75,3
106,IT,2024,6,72,1
106,IT,2024,7,86,2
106,IT,2024,8,55,1
106,IT,2024,9,68,2
106,IT,2024,10,70,1
106,IT,2024,11,91,1
106,IT,2024,12,101,1
106,ES,2023,1,56,1
106,ES,2023,2,71,2
106,ES,2023,3,85,1
106,ES,2023,4,98,1
106,ES,2023,5,79,2
106,ES,2023,6,95,1
106,ES,2023,7,86,3
106,ES,2023,8,62,2
106,ES,2023,9,86,1
106,ES,2023,10,72,2
106,ES,2023,11,74,1
106,ES,2023,12,89,1
106,ES,2024,1,66,1
106,ES,2024,2,75,1
106,ES,2024,3,99,2
106,ES,2024,4,74,2
106,ES,2024,5,75,1
106,ES,2024,6,63,1
106,ES,2024,7,85,3
106,ES,2024,8,63,1
106,ES,2024,9,103,1
106,ES,2024,10,42,1
106,ES,2024,11,98,2
106,ES,2024,12,88,1
106,UK,2023,1,83,2
106,UK,2023,2,75,2
106,UK,2023,3,117,1
106,UK,2023,4,75,1
106,UK,2023,5,81,2
106,UK,2023,6,139,1
106,UK,2023,7,87,2
106,UK,2023,8,74,2
106,UK,2023,9,122,2
106,UK,2023,10,96,2
106,UK,2023,11,92,2
106,UK,2023,12,113,2
106,UK,2024,1,97,1
106,UK,2024,2,89,1
106,UK,2024,3,111,1
106,UK,2024,4,104,2
106,UK,2024,5,104,1
106,UK,2024,6,127,2
106,UK,2024,7,98,1
106,UK,2024,8,59,2
106,UK,2024,9,134,1
106,UK,2024,10,74,2
106,UK,2024,11,94,1
106,UK,2024,12,95,1
106,PL,2023,1,53,1
106,PL,2023,2,70,2
106,PL,2023,3,84,1
106,PL,2023,4,71,1
106,PL,2023,5,83,3
106,PL,2023,6,86,2
106,PL,2023,7,65,3
106,PL,2023,8,61,1
106,PL,2023,9,95,1
106,PL,2023,10,55,2
106,PL,2023,11,73,1
106,PL,2023,12,89,2
106,PL,2024,1,51,1
106,PL,2024,2,81,1
106,PL,2024,3,79,1
106,PL,2024,4,68,1
106,PL,2024,5,65,1
106,PL,2024,6,81,1
106,PL,2024,7,56,3
106,PL,2024,8,42,1
106,PL,2024,9,100,2
106,PL,2024,10,58,2
106,PL,2024,11,57,1
106,PL,2024,12,54,1
106,RO,2023,1,48,2
106,RO,2023,2,54,2
106,RO,2023,3,100,2
106,RO,2023,4,77,2
106,RO,2023,5,60,3
106,RO,2023,6,108,1
106,RO,2023,7,77,1
106,RO,2023,8,51,2
106,RO,2023,9,50,1
106,RO,2023,10,90,2
106,RO,2023,11,53,1
106,RO,2023,12,61,1
106,RO,2024,1,62,2
106,RO,2024,2,92,1
106,RO,2024,3,97,1
106,RO,2024,4,73,1
106,RO,2024,5,73,2
106,RO,2024,6,91,1
106,RO,2024,7,75,2
106,RO,2024,8,56,1
106,RO,2024,9,82,2
106,RO,2024,10,66,2
106,RO,2024,11,59,1
106,RO,2024,12,77,1
107,DE,2023,1,32,1
107,DE,2023,2,53,2
107,DE,2023,3,55,1
107,DE,2023,4,45,2
107,DE,2023,5,55,1
107,DE,2023,6,78,1
107,DE,2023,7,61,1
107,DE,2023,8,33,1
107,DE,2023,9,55,1
107,DE,2023,10,61,2
107,DE,2023,11,46,2
107,DE,2023,12,62,1
107,DE,2024,1,46,3
107,DE,2024,2,46,2
107,DE,2024,3,65,2
107,DE,2024,4,43,1
107,DE,2024,5,49,1
107,DE,2024,6,67,1
107,DE,2024,7,41,2
107,DE,2024,8,46,1
107,DE,2024,9,64,1
107,DE,2024,10,58,1
107,DE,2024,11,55,1
107,DE,2024,12,78,2
107,FR,2023,1,44,1
107,FR,2023,2,50,1
107,FR,2023,3,65,2
107,FR,2023,4,58,3
107,FR,2023,5,54,2
107,FR,2023,6,65,2
107,FR,2023,7,48,2
107,FR,2023,8,38,1
107,FR,2023,9,51,1
107,FR,2023,10,68,2
107,FR,2023,11,43,2
107,FR,2023,12,58,2
107,FR,2024,1,38,1
107,FR,2024,2,61,1
107,FR,2024,3,61,1
107,FR,2024,4,64,1
107,FR,2024,5,48,1
107,FR,2024,6,67,2
107,FR,2024,7,47,1
107,FR,2024,8,57,1
107,FR,2024,9,53,1
107,FR,2024,10,56,2
107,FR,2024,11,59,1
107,FR,2024,12,68,1
107,IT,2023,1,34,1
107,IT,2023,2,44,1
107,IT,2023,3,54,2
107,IT,2023,4,44,2
107,IT,2023,5,51,1
107,IT,2023,6,71,1
107,IT,2023,7,41,2
107,IT,2023,8,28,1
107,IT,2023,9,53,1
107,IT,2023,10,62,1
107,IT,2023,11,39,2
107,IT,2023,12,67,1
107,IT,2024,1,45,1
107,IT,2024,2,41,2
107,IT,2024,3,58,1
107,IT,2024,4,55,1
107,IT,2024,5,42,3
107,IT,2024,6,52,1
107,IT,2024,7,41,2
107,IT,2024,8,30,1
107,IT,2024,9,48,1
107,IT,2024,10,36,1
107,IT,2024,11,45,1
107,IT,2024,12,47,1
107,ES,2023,1,37,2
107,ES,2023,2,34,1
107,ES,2023,3,56,1
107,ES,2023,4,50,1
107,ES,2023,5,31,2
107,ES,2023,6,57,1
107,ES,2023,7,53,1
107,ES,2023,8,29,1
107,ES,2023,9,67,1
107,ES,2023,10,47,1
107,ES,2023,11,40,2
107,ES,2023,12,53,1
107,ES,2024,1,39,1
107,ES,2024,2,45,1
107,ES,2024,3,58,2
107,ES,2024,4,38,1
107,ES,2024,5,46,1
107,ES,2024,6,42,1
107,ES,2024,7,44,1
107,ES,2024,8,31,1
107,ES,2024,9,48,1
107,ES,2024,10,53,1
107,ES,2024,11,52,1
107,ES,2024,12,58,1
107,UK,2023,1,36,1
107,UK,2023,2,51,1
107,UK,2023,3,76,2
107,UK,2023,4,55,3
107,UK,2023,5,72,3
107,UK,2023,6,68,2
107,UK,2023,7,55,2
107,UK,2023,8,41,2
107,UK,2023,9,66,1
107,UK,2023,10,52,2
107,UK,2023,11,59,1
107,UK,2023,12,74,1
107,UK,2024,1,38,2
107,UK,2024,2,43,1
107,UK,2024,3,46,1
107,UK,2024,4,58,2
107,UK,2024,5,45,1
107,UK,2024,6,43,1
107,UK,2024,7,57,2
107,UK,2024,8,59,2
107,UK,2024,9,64,1
107,UK,2024,10,60,1
107,UK,2024,11,54,1
107,UK,2024,12,63,2
107,PL,2023,1,36,1
107,PL,2023,2,38,1
107,PL,2023,3,50,1
107,PL,2023,4,42,1
107,PL,2023,5,36,3
107,PL,2023,6,55,1
107,PL,2023,7,39,2
107,PL,2023,8,28,1
107,PL,2023,9,52,2
107,PL,2023,10,35,2
107,PL,2023,11,40,1
107,PL,2023,12,48,1
107,PL,2024,1,37,1
107,PL,2024,2,43,2
107,PL,2024,3,48,1
107,PL,2024,4,45,2
107,PL,2024,5,48,2
107,PL,2024,6,52,2
107,PL,2024,7,40,2
107,PL,2024,8,26,1
107,PL,2024,9,40,1
107,PL,2024,10,38,1
107,PL,2024,11,36,2
107,PL,2024,12,47,2
107,RO,2023,1,32,2
107,RO,2023,2,43,1
107,RO,2023,3,48,1
107,RO,2023,4,43,2
107,RO,2023,5,40,1
107,RO,2023,6,34,1
107,RO,2023,7,34,2
107,RO,2023,8,31,1
107,RO,2023,9,39,1
107,RO,2023,10,44,1
107,RO,2023,11,49,1
107,RO,2023,12,57,3
107,RO,2024,1,31,1
107,RO,2024,2,49,1
107,RO,2024,3,49,1
107,RO,2024,4,38,2
107,RO,2024,5,36,1
107,RO,2024,6,46,1
107,RO,2024,7,38,1
107,RO,2024,8,33,1
107,RO,2024,9,49,1
107,RO,2024,10,40,2
107,RO,2024,11,43,2
107,RO,2024,12,57,1
108,DE,2023,1,38,1
108,DE,2023,2,32,2
108,DE,2023,3,31,1
108,DE,2023,4,47,2
108,DE,2023,5,33,1
108,DE,2023,6,48,2
108,DE,2023,7,34,2
108,DE,2023,8,24,2
108,DE,2023,9,54,2
108,DE,2023,10,46,1
108,DE,2023,11,38,2
108,DE,2023,12,30,1
108,DE,2024,1,30,1
108,DE,2024,2,44,2
108,DE,2024,3,39,2
108,DE,2024,4,43,2
108,DE,2024,5,41,1
108,DE,2024,6,54,2
108,DE,2024,7,42,2
108,DE,2024,8,28,1
108,DE,2024,9,59,1
108,DE,2024,10,41,1
108,DE,2024,11,41,1
108,DE,2024,12,43,3
108,FR,2023,1,31,2
108,FR,2023,2,36,2
108,FR,2023,3,49,3
108,FR,2023,4,52,1
108,FR,2023,5,33,2
108,FR,2023,6,38,1
108,FR,2023,7,51,2
108,FR,2023,8,32,1
108,FR,2023,9,45,2
108,FR,2023,10,48,1
108,FR,2023,11,38,1
108,FR,2023,12,64,2
108,FR,2024,1,37,1
108,FR,2024,2,38,2
108,FR,2024,3,66,1
108,FR,2024,4,38,2
108,FR,2024,5,46,1
108,FR,2024,6,52,1
108,FR,2024,7,50,1
108,FR,2024,8,41,1
108,FR,2024,9,50,1
108,FR,2024,10,37,1
108,FR,2024,11,44,1
108,FR,2024,12,45,1
108,IT,2023,1,36,1
108,IT,2023,2,35,2
108,IT,2023,3,39,1
108,IT,2023,4,35,1
108,IT,2023,5,27,2
108,IT,2023,6,35,1
108,IT,2023,7,41,2
108,IT,2023,8,25,1
108,IT,2023,9,35,1
108,IT,2023,10,37,1
108,IT,2023,11,41,2
108,IT,2023,12,46,2
108,IT,2024,1,32,1
108,IT,2024,2,31,1
108,IT,2024,3,33,3
108,IT,2024,4,42,1
108,IT,2024,5,33,1
108,IT,2024,6,40,2
108,IT,2024,7,41,2
108,IT,2024,8,30,1
108,IT,2024,9,44,2
108,IT,2024,10,46,2
108,IT,2024,11,31,1
108,IT,2024,12,47,1
108,ES,2023,1,28,1
108,ES,2023,2,36,3
108,ES,2023,3,51,2
108,ES,2023,4,37,1
108,ES,2023,5,37,2
108,ES,2023,6,48,1
108,ES,2023,7,33,1
108,ES,2023,8,24,1
108,ES,2023,9,35,1
108,ES,2023,10,24,2
108,ES,2023,11,45,1
108,ES,2023,12,35,2
108,ES,2024,1,27,1
108,ES,2024,2,33,1
108,ES,2024,3,43,3
108,ES,2024,4,39,1
108,ES,2024,5,39,1
108,ES,2024,6,38,1
108,ES,2024,7,34,2
108,ES,2024,8,29,1
108,ES,2024,9,40,1
108,ES,2024,10,43,1
108,ES,2024,11,37,1
108,ES,2024,12,46,2
108,UK,2023,1,36,1
108,UK,2023,2,49,1
108,UK,2023,3,51,1
108,UK,2023,4,33,1
108,UK,2023,5,44,2
108,UK,2023,6,45,1
108,UK,2023,7,38,3
108,UK,2023,8,36,1
108,UK,2023,9,59,1
108,UK,2023,10,42,2
108,UK,2023,11,43,1
108,UK,2023,12,63,2
108,UK,2024,1,34,3
108,UK,2024,2,58,1
108,UK,2024,3,54,1
108,UK,2024,4,30,2
108,UK,2024,5,46,1
108,UK,2024,6,53,1
108,UK,2024,7,50,1
108,UK,2024,8,36,1
108,UK,2024,9,49,2
108,UK,2024,10,34,1
108,UK,2024,11,40,1
108,UK,2024,12,43,2
108,PL,2023,1,23,1
108,PL,2023,2,34,1
108,PL,2023,3,47,2
108,PL,2023,4,33,1
108,PL,2023,5,25,2
108,PL,2023,6,40,2
108,PL,2023,7,37,1
108,PL,2023,8,22,1
108,PL,2023,9,37,1
108,PL,2023,10,31,1
108,PL,2023,11,27,2
108,PL,2023,12,41,2
108,PL,2024,1,24,1
108,PL,2024,2,33,2
108,PL,2024,3,32,2
108,PL,2024,4,29,3
108,PL,2024,5,34,1
108,PL,2024,6,35,1
108,PL,2024,7,39,1
108,PL,2024,8,23,3
108,PL,2024,9,39,1
108,PL,2024,10,35,1
108,PL,2024,11,24,1
108,PL,2024,12,27,1
108,RO,2023,1,19,1
108,RO,2023,2,37,3
108,RO,2023,3,34,1
108,RO,2023,4,43,1
108,RO,2023,5,28,1
108,RO,2023,6,38,1
108,RO,2023,7,38,1
108,RO,2023,8,32,1
108,RO,2023,9,49,1
108,RO,2023,10,37,1
108,RO,2023,11,36,1
108,RO,2023,12,41,1
108,RO,2024,1,28,3
108,RO,2024,2,28,2
108,RO,2024,3,33,1
108,RO,2024,4,31,1
108,RO,2024,5,30,2
108,RO,2024,6,35,1
108,RO,2024,7,34,2
108,RO,2024,8,28,2
108,RO,2024,9,38,1
108,RO,2024,10,38,1
108,RO,2024,11,26,3
108,RO,2024,12,36,1
109,DE,2023,1,38,1
109,DE,2023,2,38,1
109,DE,2023,3,63,1
109,DE,2023,4,53,2
109,DE,2023,5,66,2
109,DE,2023,6,70,3
109,DE,2023,7,45,1
109,DE,2023,8,55,1
109,DE,2023,9,76,1
109,DE,2023,10,58,1
109,DE,2023,11,52,1
109,DE,2023,12,55,3
109,DE,2024,1,40,2
109,DE,2024,2,62,1
109,DE,2024,3,83,2
109,DE,2024,4,66,1
109,DE,2024,5,50,1
109,DE,2024,6,53,2
109,DE,2024,7,55,1
109,DE,2024,8,31,3
109,DE,2024,9,67,2
109,DE,2024,10,52,1
109,DE,2024,11,50,2
109,DE,2024,12,49,1
109,FR,2023,1,46,1
109,FR,2023,2,49,1
109,FR,2023,3,53,1
109,FR,2023,4,30,2
109,FR,2023,5,53,1
109,FR,2023,6,82,2
109,FR,2023,7,67,1
109,FR,2023,8,40,1
109,FR,2023,9,58,2
109,FR,2023,10,57,1
109,FR,2023,11,45,1
109,FR,2023,12,67,1
109,FR,2024,1,48,1
109,FR,2024,2,63,1
109,FR,2024,3,63,2
109,FR,2024,4,52,1
109,FR,2024,5,46,1
109,FR,2024,6,56,3
109,FR,2024,7,52,1
109,FR,2024,8,45,2
109,FR,2024,9,73,1
109,FR,2024,10,47,1
109,FR,2024,11,66,2
109,FR,2024,12,62,1
109,IT,2023,1,35,2
109,IT,2023,2,39,1
109,IT,2023,3,34,1
109,IT,2023,4,50,1
109,IT,2023,5,49,1
109,IT,2023,6,51,2
109,IT,2023,7,45,1
109,IT,2023,8,38,3
109,IT,2023,9,41,3
109,IT,2023,10,41,1
109,IT,2023,11,50,1
109,IT,2023,12,43,2
109,IT,2024,1,37,3
109,IT,2024,2,35,1
109,IT,2024,3,57,1
109,IT,2024,4,44,1
109,IT,2024,5,34,2
109,IT,2024,6,63,1
109,IT,2024,7,40,2
109,IT,2024,8,31,1
109,IT,2024,9,55,1
109,IT,2024,10,52,1
109,IT,2024,11,38,1
109,IT,2024,12,54,1
109,ES,2023,1,38,1
109,ES,2023,2,49,1
109,ES,2023,3,55,1
109,ES,2023,4,42,1
109,ES,2023,5,39,3
109,ES,2023,6,54,1
109,ES,2023,7,37,1
109,ES,2023,8,20,1
109,ES,2023,9,57,3
109,ES,2023,10,51,1
109,ES,2023,11,29,2
109,ES,2023,12,45,2
109,ES,2024,1,39,2
109,ES,2024,2,58,1
109,ES,2024,3,54,2
109,ES,2024,4,40,1
109,ES,2024,5,43,1
109,ES,2024,6,65,2
109,ES,2024,7,40,1
109,ES,2024,8,31,2
109,ES,2024,9,50,1
109,ES,2024,10,38,2
109,ES,2024,11,45,1
109,ES,2024,12,67,1
109,UK,2023,1,45,1
109,UK,2023,2,51,3
109,UK,2023,3,61,1
109,UK,2023,4,41,1
109,UK,2023,5,61,1
109,UK,2023,6,64,2
109,UK,2023,7,52,1
109,UK,2023,8,63,1
109,UK,2023,9,67,1
109,UK,2023,10,47,1
109,UK,2023,11,50,1
109,UK,2023,12,75,1
109,UK,2024,1,43,2
109,UK,2024,2,42,1
109,UK,2024,3,73,1
109,UK,2024,4,48,1
109,UK,2024,5,69,3
109,UK,2024,6,75,3
109,UK,2024,7,50,2
109,UK,2024,8,51,1
109,UK,2024,9,65,1
109,UK,2024,10,60,1
109,UK,2024,11,57,1
109,UK,2024,12,56,1
109,PL,2023,1,29,2
109,PL,2023,2,46,2
109,PL,2023,3,46,2
109,PL,2023,4,38,1
109,PL,2023,5,34,2
109,PL,2023,6,51,1
109,PL,2023,7,53,1
109,PL,2023,8,27,2
109,PL,2023,9,48,1
109,PL,2023,10,49,1
109,PL,2023,11,40,1
109,PL,2023,12,51,2
109,PL,2024,1,27,2
109,PL,2024,2,43,1
109,PL,2024,3,47,2
109,PL,2024,4,46,1
109,PL,2024,5,47,1
109,PL,2024,6,67,2
109,PL,2024,7,44,2
109,PL,2024,8,33,3
109,PL,2024,9,50,1
109,PL,2024,10,38,2
109,PL,2024,11,42,2
109,PL,2024,12,46,2
109,RO,2023,1,33,1
109,RO,2023,2,48,2
109,RO,2023,3,41,1
109,RO,2023,4,47,1
109,RO,2023,5,48,1
109,RO,2023,6,47,1
109,RO,2023,7,27,1
109,RO,2023,8,29,2
109,RO,2023,9,58,1
109,RO,2023,10,40,2
109,RO,2023,11,34,1
109,RO,2023,12,44,1
109,RO,2024,1,36,1
109,RO,2024,2,43,1
109,RO,2024,3,46,1
109,RO,2024,4,38,1
109,RO,2024,5,38,1
109,RO,2024,6,41,1
109,RO,2024,7,50,1
109,RO,2024,8,30,1
109,RO,2024,9,57,1
109,RO,2024,10,49,2
109,RO,2024,11,46,2
109,RO,2024,12,45,2
110,DE,2023,1,27,1
110,DE,2023,2,32,2
110,DE,2023,3,33,2
110,DE,2023,4,33,2
110,DE,2023,5,26,1
110,DE,2023,6,45,2
110,DE,2023,7,30,2
110,DE,2023,8,26,1
110,DE,2023,9,40,2
110,DE,2023,10,31,1
110,DE,2023,11,35,1
110,DE,2023,12,36,1
110,DE,2024,1,29,2
110,DE,2024,2,25,1
110,DE,2024,3,39,1
110,DE,2024,4,41,1
110,DE,2024,5,27,1
110,DE,2024,6,34,1
110,DE,2024,7,34,2
110,DE,2024,8,26,2
110,DE,2024,9,40,1
110,DE,2024,10,34,1
110,DE,2024,11,35,1
110,DE,2024,12,45,2
110,FR,2023,1,27,1
110,FR,2023,2,31,1
110,FR,2023,3,42,1
110,FR,2023,4,41,2
110,FR,2023,5,31,2
110,FR,2023,6,33,2
110,FR,2023,7,37,2
110,FR,2023,8,25,1
110,FR,2023,9,26,1
110,FR,2023,10,36,1
110,FR,2023,11,29,1
110,FR,2023,12,38,1
110,FR,2024,1,27,1
110,FR,2024,2,33,1
110,FR,2024,3,43,2
110,FR,2024,4,30,2
110,FR,2024,5,34,2
110,FR,2024,6,37,2
110,FR,2024,7,35,1
110,FR,2024,8,28,2
110,FR,2024,9,33,1
110,FR,2024,10,37,2
110,FR,2024,11,29,1
110,FR,2024,12,43,3
110,IT,2023,1,22,1
110,IT,2023,2,34,1
110,IT,2023,3,31,2
110,IT,2023,4,25,1
110,IT,2023,5,26,2
110,IT,2023,6,30,2
110,IT,2023,7,30,2
110,IT,2023,8,16,3
110,IT,2023,9,27,3
110,IT,2023,10,22,1
110,IT,2023,11,30,2
110,IT,2023,12,40,2
110,IT,2024,1,21,2
110,IT,2024,2,26,1
110,IT,2024,3,32,2
110,IT,2024,4,31,3
110,IT,2024,5,23,2
110,IT,2024,6,33,1
110,IT,2024,7,30,1
110,IT,2024,8,23,1
110,IT,2024,9,33,2
110,IT,2024,10,31,2
110,IT,2024,11,16,1
110,IT,2024,12,35,1
110,ES,2023,1,19,1
110,ES,2023,2,19,1
110,ES,2023,3,34,2
110,ES,2023,4,32,2
110,ES,2023,5,26,1
110,ES,2023,6,37,1
110,ES,2023,7,33,1
110,ES,2023,8,25,3
110,ES,2023,9,40,1
110,ES,2023,10,30,1
110,ES,2023,11,27,1
110,ES,2023,12,24,2
110,ES,2024,1,20,2
110,ES,2024,2,23,2
110,ES,2024,3,42,1
110,ES,2024,4,26,1
110,ES,2024,5,27,1
110,ES,2024,6,35,2
110,ES,2024,7,27,1
110,ES,2024,8,27,1
110,ES,2024,9,29,2
110,ES,2024,10,27,2
110,ES,2024,11,23,1
110,ES,2024,12,25,1
110,UK,2023,1,23,1
110,UK,2023,2,32,2
110,UK,2023,3,36,2
110,UK,2023,4,29,1
110,UK,2023,5,25,1
110,UK,2023,6,38,2
110,UK,2023,7,25,2
110,UK,2023,8,28,1
110,UK,2023,9,39,1
110,UK,2023,10,25,1
110,UK,2023,11,30,1
110,UK,2023,12,34,2
110,UK,2024,1,27,2
110,UK,2024,2,38,2
110,UK,2024,3,27,1
110,UK,2024,4,32,2
110,UK,2024,5,31,1
110,UK,2024,6,42,1
110,UK,2024,7,33,1
110,UK,2024,8,22,1
110,UK,2024,9,37,2
110,UK,2024,10,28,1
110,UK,2024,11,37,1
110,UK,2024,12,39,1
110,PL,2023,1,24,1
110,PL,2023,2,24,1
110,PL,2023,3,26,1
110,PL,2023,4,18,2
110,PL,2023,5,17,1
110,PL,2023,6,22,1
110,PL,2023,7,25,1
110,PL,2023,8,20,2
110,PL,2023,9,22,1
110,PL,2023,10,27,1
110,PL,2023,11,22,1
110,PL,2023,12,29,1
110,PL,2024,1,24,1
110,PL,2024,2,27,2
110,PL,2024,3,27,2
110,PL,2024,4,21,1
110,PL,2024,5,16,2
110,PL,2024,6,26,2
110,PL,2024,7,23,1
110,PL,2024,8,16,1
110,PL,2024,9,28,1
110,PL,2024,10,24,1
110,PL,2024,11,23,2
110,PL,2024,12,26,2
110,RO,2023,1,19,3
110,RO,2023,2,25,2
110,RO,2023,3,24,1
110,RO,2023,4,29,1
110,RO,2023,5,23,2
110,RO,2023,6,29,1
110,RO,2023,7,26,2
110,RO,2023,8,20,2
110,RO,2023,9,33,2
110,RO,2023,10,25,2
110,RO,2023,11,22,1
110,RO,2023,12,30,2
110,RO,2024,1,16,2
110,RO,2024,2,24,1
110,RO,2024,3,29,2
110,RO,2024,4,23,1
110,RO,2024,5,23,3
110,RO,2024,6,20,1
110,RO,2024,7,22,1
110,RO,2024,8,19,1
110,RO,2024,9,29,2
110,RO,2024,10,20,1
110,RO,2024,11,28,1
110,RO,2024,12,25,1
111,DE,2023,1,23,2
111,DE,2023,2,26,1
111,DE,2023,3,27,1
111,DE,2023,4,31,2
111,DE,2023,5,20,1
111,DE,2023,6,34,2
111,DE,2023,7,28,1
111,DE,2023,8,18,2
111,DE,2023,9,36,1
111,DE,2023,10,24,1
111,DE,2023,11,26,2
111,DE,2023,12,31,1
111,DE,2024,1,19,2
111,DE,2024,2,28,1
111,DE,2024,3,33,1
111,DE,2024,4,18,1
111,DE,2024,5,30,3
111,DE,2024,6,22,1
111,DE,2024,7,29,1
111,DE,2024,8,23,1
111,DE,2024,9,25,1
111,DE,2024,10,23,1
111,DE,2024,11,21,2
111,DE,2024,12,29,1
111,FR,2023,1,19,2
111,FR,2023,2,28,1
111,FR,2023,3,36,2
111,FR,2023,4,30,2
111,FR,2023,5,23,1
111,FR,2023,6,29,3
111,FR,2023,7,18,1
111,FR,2023,8,17,2
111,FR,2023,9,34,2
111,FR,2023,10,31,1
111,FR,2023,11,20,1
111,FR,2023,12,27,1
111,FR,2024,1,20,1
111,FR,2024,2,26,1
111,FR,2024,3,26,1
111,FR,2024,4,26,1
111,FR,2024,5,23,2
111,FR,2024,6,30,1
111,FR,2024,7,27,1
111,FR,2024,8,20,2
111,FR,2024,9,28,1
111,FR,2024,10,24,1
111,FR,2024,11,24,1
111,FR,2024,12,28,2
111,IT,2023,1,16,2
111,IT,2023,2,26,1
111,IT,2023,3,27,2
111,IT,2023,4,20,1
111,IT,2023,5,23,2
111,IT,2023,6,23,2
111,IT,2023,7,24,2
111,IT,2023,8,17,1
111,IT,2023,9,24,1
111,IT,2023,10,22,1
111,IT,2023,11,16,2
111,IT,2023,12,20,1
111,IT,2024,1,13,2
111,IT,2024,2,21,3
111,IT,2024,3,31,1
111,IT,2024,4,28,2
111,IT,2024,5,23,2
111,IT,2024,6,27,3
111,IT,2024,7,15,3
111,IT,2024,8,15,2
111,IT,2024,9,22,1
111,IT,2024,10,19,2
111,IT,2024,11,20,1
111,IT,2024,12,23,2
111,ES,2023,1,11,2
111,ES,2023,2,23,1
111,ES,2023,3,21,2
111,ES,2023,4,21,1
111,ES,2023,5,27,1
111,ES,2023,6,21,1
111,ES,2023,7,13,2
111,ES,2023,8,16,2
111,ES,2023,9,29,2
111,ES,2023,10,27,1
111,ES,2023,11,17,2
111,ES,2023,12,27,2
111,ES,2024,1,15,1
111,ES,2024,2,20,1
111,ES,2024,3,35,1
111,ES,2024,4,16,2
111,ES,2024,5,21,2
111,ES,2024,6,26,2
111,ES,2024,7,24,1
111,ES,2024,8,17,2
111,ES,2024,9,26,1
111,ES,2024,10,19,1
111,ES,2024,11,21,2
111,ES,2024,12,23,1
111,UK,2023,1,22,2
111,UK,2023,2,23,1
111,UK,2023,3,31,2
111,UK,2023,4,25,1
111,UK,2023,5,29,1
111,UK,2023,6,30,1
111,UK,2023,7,18,1
111,UK,2023,8,23,2
111,UK,2023,9,26,1
111,UK,2023,10,22,2
111,UK,2023,11,22,3
111,UK,2023,12,36,1
111,UK,2024,1,13,1
111,UK,2024,2,37,2
111,UK,2024,3,35,3
111,UK,2024,4,26,2
111,UK,2024,5,24,1
111,UK,2024,6,31,2
111,UK,2024,7,27,1
111,UK,2024,8,22,3
111,UK,2024,9,32,3
111,UK,2024,10,25,1
111,UK,2024,11,24,1
111,UK,2024,12,29,1
111,PL,2023,1,14,1
111,PL,2023,2,22,2
111,PL,2023,3,24,1
111,PL,2023,4,10,1
111,PL,2023,5,20,1
111,PL,2023,6,23,3
111,PL,2023,7,18,2
111,PL,2023,8,14,1
111,PL,2023,9,26,1
111,PL,2023,10,21,3
111,PL,2023,11,16,2
111,PL,2023,12,24,1
111,PL,2024,1,12,1
111,PL,2024,2,14,1
111,PL,2024,3,20,1
111,PL,2024,4,21,1
111,PL,2024,5,21,2
111,PL,2024,6,24,1
111,PL,2024,7,20,2
111,PL,2024,8,16,1
111,PL,2024,9,20,2
111,PL,2024,10,20,2
111,PL,2024,11,21,1
111,PL,2024,12,25,1
111,RO,2023,1,17,2
111,RO,2023,2,20,1
111,RO,2023,3,23,1
111,RO,2023,4,21,1
111,RO,2023,5,18,3
111,RO,2023,6,19,1
111,RO,2023,7,18,2
111,RO,2023,8,13,1
111,RO,2023,9,20,2
111,RO,2023,10,18,1
111,RO,2023,11,16,2
111,RO,2023,12,21,1
111,RO,2024,1,10,2
111,RO,2024,2,19,2
111,RO,2024,3,22,1
111,RO,2024,4,16,1
111,RO,2024,5,20,1
111,RO,2024,6,25,1
111,RO,2024,7,14,2
111,RO,2024,8,13,1
111,RO,2024,9,20,1
111,RO,2024,10,16,2
111,RO,2024,11,21,1
111,RO,2024,12,22,1
112,DE,2023,1,41,1
112,DE,2023,2,37,3
112,DE,2023,3,70,2
112,DE,2023,4,43,2
112,DE,2023,5,54,1
112,DE,2023,6,67,2
112,DE,2023,7,65,1
112,DE,2023,8,34,1
112,DE,2023,9,35,1
112,DE,2023,10,55,1
112,DE,2023,11,68,1
112,DE,2023,12,76,1
112,DE,2024,1,44,1
112,DE,2024,2,50,1
112,DE,2024,3,72,2
112,DE,2024,4,46,1
112,DE,2024,5,57,2
112,DE,2024,6,69,1
112,DE,2024,7,62,2
112,DE,2024,8,61,1
112,DE,2024,9,68,1
112,DE,2024,10,49,1
112,DE,2024,11,53,2
112,DE,2024,12,47,2
112,FR,2023,1,38,1
112,FR,2023,2,50,1
112,FR,2023,3,59,2
112,FR,2023,4,55,2
112,FR,2023,5,47,1
112,FR,2023,6,75,1
112,FR,2023,7,54,1
112,FR,2023,8,43,2
112,FR,2023,9,61,1
112,FR,2023,10,55,3
112,FR,2023,11,60,1
112,FR,2023,12,56,1
112,FR,2024,1,38,1
112,FR,2024,2,51,2
112,FR,2024,3,51,2
112,FR,2024,4,47,1
112,FR,2024,5,50,2
112,FR,2024,6,73,1
112,FR,2024,7,56,1
112,FR,2024,8,44,1
112,FR,2024,9,73,1
112,FR,2024,10,52,1
112,FR,2024,11,57,2
112,FR,2024,12,63,1
112,IT,2023,1,37,3
112,IT,2023,2,41,1
112,IT,2023,3,34,2
112,IT,2023,4,44,1
112,IT,2023,5,54,1
112,IT,2023,6,61,1
112,IT,2023,7,51,1
112,IT,2023,8,42,2
112,IT,2023,9,54,1
112,IT,2023,10,46,2
112,IT,2023,11,40,1
112,IT,2023,12,51,1
112,IT,2024,1,39,1
112,IT,2024,2,53,2
112,IT,2024,3,52,2
112,IT,2024,4,41,1
112,IT,2024,5,45,1
112,IT,2024,6,58,1
112,IT,2024,7,35,3
112,IT,2024,8,23,2
112,IT,2024,9,49,1
112,IT,2024,10,36,1
112,IT,2024,11,41,1
112,IT,2024,12,52,3
112,ES,2023,1,33,1
112,ES,2023,2,54,2
112,ES,2023,3,56,1
112,ES,2023,4,47,2
112,ES,2023,5,49,2
112,ES,2023,6,44,2
112,ES,2023,7,52,2
112,ES,2023,8,35,2
112,ES,2023,9,59,1
112,ES,2023,10,37,1
112,ES,2023,11,34,1
112,ES,2023,12,60,3
112,ES,2024,1,38,1
112,ES,2024,2,38,2
112,ES,2024,3,46,2
112,ES,2024,4,52,1
112,ES,2024,5,36,1
112,ES,2024,6,67,1
112,ES,2024,7,38,1
112,ES,2024,8,39,1
112,ES,2024,9,51,1
112,ES,2024,10,49,2
112,ES,2024,11,41,3
112,ES,2024,12,52,1
112,UK,2023,1,43,1
112,UK,2023,2,45,1
112,UK,2023,3,72,2
112,UK,2023,4,49,2
112,UK,2023,5,52,1
112,UK,2023,6,55,1
112,UK,2023,7,33,2
112,UK,2023,8,41,2
112,UK,2023,9,88,1
112,UK,2023,10,60,2
112,UK,2023,11,53,1
112,UK,2023,12,62,1
112,UK,2024,1,43,2
112,UK,2024,2,58,2
112,UK,2024,3,53,1
112,UK,2024,4,63,2
112,UK,2024,5,59,1
112,UK,2024,6,71,2
112,UK,2024,7,57,1
112,UK,2024,8,43,2
112,UK,2024,9,71,2
112,UK,2024,10,58,1
112,UK,2024,11,51,2
112,UK,2024,12,59,2
112,PL,2023,1,32,2
112,PL,2023,2,49,1
112,PL,2023,3,39,2
112,PL,2023,4,31,2
112,PL,2023,5,41,1
112,PL,2023,6,48,3
112,PL,2023,7,41,1
112,PL,2023,8,33,1
112,PL,2023,9,46,1
112,PL,2023,10,49,1
112,PL,2023,11,30,2
112,PL,2023,12,42,1
112,PL,2024,1,31,3
112,PL,2024,2,30,1
112,PL,2024,3,47,1
112,PL,2024,4,50,1
112,PL,2024,5,40,1
112,PL,2024,6,50,2
112,PL,2024,7,32,2
112,PL,2024,8,29,2
112,PL,2024,9,45,1
112,PL,2024,10,38,1
112,PL,2024,11,48,1
112,PL,2024,12,52,1
112,RO,2023,1,26,1
112,RO,2023,2,41,2
112,RO,2023,3,52,1
112,RO,2023,4,47,2
112,RO,2023,5,50,1
112,RO,2023,6,41,1
112,RO,2023,7,35,2
112,RO,2023,8,26,1
112,RO,2023,9,46,2
112,RO,2023,10,43,2
112,RO,2023,11,46,1
112,RO,2023,12,48,3
112,RO,2024,1,30,1
112,RO,2024,2,41,1
112,RO,2024,3,42,2
112,RO,2024,4,53,1
112,RO,2024,5,30,2
112,RO,2024,6,49,2
112,RO,2024,7,52,3
112,RO,2024,8,32,1
112,RO,2024,9,47,1
112,RO,2024,10,38,2
112,RO,2024,11,39,1
112,RO,2024,12,58,1
113,DE,2023,1,17,1
113,DE,2023,2,39,1
113,DE,2023,3,30,1
113,DE,2023,4,31,2
113,DE,2023,5,30,2
113,DE,2023,6,42,1
113,DE,2023,7,24,1
113,DE,2023,8,27,1
113,DE,2023,9,50,2
113,DE,2023,10,25,1
113,DE,2023,11,33,2
113,DE,2023,12,35,1
113,DE,2024,1,27,2
113,DE,2024,2,32,1
113,DE,2024,3,35,2
113,DE,2024,4,34,1
113,DE,2024,5,41,2
113,DE,2024,6,37,1
113,DE,2024,7,35,2
113,DE,2024,8,20,2
113,DE,2024,9,33,1
113,DE,2024,10,34,2
113,DE,2024,11,39,1
113,DE,2024,12,40,1
113,FR,2023,1,24,1
113,FR,2023,2,32,1
113,FR,2023,3,31,2
113,FR,2023,4,35,2
113,FR,2023,5,36,1
113,FR,2023,6,36,1
113,FR,2023,7,30,2
113,FR,2023,8,26,2
113,FR,2023,9,36,1
113,FR,2023,10,32,3
113,FR,2023,11,42,1
113,FR,2023,12,37,1
113,FR,2024,1,24,2
113,FR,2024,2,29,1
113,FR,2024,3,43,1
113,FR,2024,4,31,1
113,FR,2024,5,29,2
113,FR,2024,6,46,2
113,FR,2024,7,39,1
113,FR,2024,8,23,1
113,FR,2024,9,27,1
113,FR,2024,10,37,1
113,FR,2024,11,29,1
113,FR,2024,12,43,2
113,IT,2023,1,15,1
113,IT,2023,2,30,1
113,IT,2023,3,26,1
113,IT,2023,4,29,1
113,IT,2023,5,27,2
113,IT,2023,6,27,1
113,IT,2023,7,25,1
113,IT,2023,8,23,1
113,IT,2023,9,32,1
113,IT,2023,10,29,1
113,IT,2023,11,35,1
113,IT,2023,12,24,1
113,IT,2024,1,26,1
113,IT,2024,2,27,1
113,IT,2024,3,28,1
113,IT,2024,4,21,3
113,IT,2024,5,26,1
113,IT,2024,6,36,1
113,IT,2024,7,26,1
113,IT,2024,8,26,1
113,IT,2024,9,25,2
113,IT,2024,10,26,1
113,IT,2024,11,21,2
113,IT,2024,12,34,1
113,ES,2023,1,24,1
113,ES,2023,2,25,2
113,ES,2023,3,19,1
113,ES,2023,4,27,1
113,ES,2023,5,28,1
113,ES,2023,6,34,2
113,ES,2023,7,32,1
113,ES,2023,8,18,2
113,ES,2023,9,35,1
113,ES,2023,10,31,2
113,ES,2023,11,19,1
113,ES,2023,12,33,2
113,ES,2024,1,19,1
113,ES,2024,2,26,2
113,ES,2024,3,34,1
113,ES,2024,4,25,1
113,ES,2024,5,24,1
113,ES,2024,6,32,1
113,ES,2024,7,22,1
113,ES,2024,8,18,2
113,ES,2024,9,35,3
113,ES,2024,10,22,1
113,ES,2024,11,29,2
113,ES,2024,12,34,1
113,UK,2023,1,19,1
113,UK,2023,2,29,2
113,UK,2023,3,45,2
113,UK,2023,4,27,3
113,UK,2023,5,30,1
113,UK,2023,6,41,2
113,UK,2023,7,36,1
113,UK,2023,8,24,1
113,UK,2023,9,35,1
113,UK,2023,10,39,3
113,UK,2023,11,40,2
113,UK,2023,12,44,2
113,UK,2024,1,26,1
113,UK,2024,2,28,1
113,UK,2024,3,34,1
113,UK,2024,4,34,1
113,UK,2024,5,34,1
113,UK,2024,6,47,2
113,UK,2024,7,35,1
113,UK,2024,8,20,1
113,UK,2024,9,45,1
113,UK,2024,10,27,1
113,UK,2024,11,30,1
113,UK,2024,12,40,2
113,PL,2023,1,25,2
113,PL,2023,2,35,2
113,PL,2023,3,31,1
113,PL,2023,4,23,1
113,PL,2023,5,26,1
113,PL,2023,6,33,2
113,PL,2023,7,23,2
113,PL,2023,8,24,1
113,PL,2023,9,30,1
113,PL,2023,10,26,1
113,PL,2023,11,26,2
113,PL,2023,12,31,2
113,PL,2024,1,21,1
113,PL,2024,2,22,1
113,PL,2024,3,26,1
113,PL,2024,4,20,1
113,PL,2024,5,25,1
113,PL,2024,6,32,1
113,PL,2024,7,25,2
113,PL,2024,8,24,2
113,PL,2024,9,29,1
113,PL,2024,10,26,2
113,PL,2024,11,20,1
113,PL,2024,12,27,1
113,RO,2023,1,21,1
113,RO,2023,2,27,1
113,RO,2023,3,27,1
113,RO,2023,4,24,1
113,RO,2023,5,18,1
113,RO,2023,6,27,3
113,RO,2023,7,27,1
113,RO,2023,8,21,1
113,RO,2023,9,31,1
113,RO,2023,10,24,2
113,RO,2023,11,24,1
113,RO,2023,12,26,2
113,RO,2024,1,21,1
113,RO,2024,2,25,1
113,RO,2024,3,31,1
113,RO,2024,4,22,1
113,RO,2024,5,16,1
113,RO,2024,6,33,1
113,RO,2024,7,22,1
113,RO,2024,8,16,1
113,RO,2024,9,32,1
113,RO,2024,10,22,3
113,RO,2024,11,28,1
113,RO,2024,12,31,2
114,DE,2023,1,22,2
114,DE,2023,2,20,1
114,DE,2023,3,35,1
114,DE,2023,4,26,1
114,DE,2023,5,23,2
114,DE,2023,6,30,2
114,DE,2023,7,18,2
114,DE,2023,8,21,2
114,DE,2023,9,25,2
114,DE,2023,10,20,1
114,DE,2023,11,19,1
114,DE,2023,12,35,2
114,DE,2024,1,18,1
114,DE,2024,2,30,1
114,DE,2024,3,27,2
114,DE,2024,4,18,1
114,DE,2024,5,20,2
114,DE,2024,6,35,2
114,DE,2024,7,24,1
114,DE,2024,8,18,2
114,DE,2024,9,30,1
114,DE,2024,10,27,1
114,DE,2024,11,29,1
114,DE,2024,12,36,1
114,FR,2023,1,19,1
114,FR,2023,2,20,1
114,FR,2023,3,28,1
114,FR,2023,4,26,1
114,FR,2023,5,21,2
114,FR,2023,6,25,2
114,FR,2023,7,26,1
114,FR,2023,8,20,1
114,FR,2023,9,30,1
114,FR,2023,10,22,1
114,FR,2023,11,24,2
114,FR,2023,12,26,2
114,FR,2024,1,22,1
114,FR,2024,2,29,1
114,FR,2024,3,21,1
114,FR,2024,4,21,2
114,FR,2024,5,19,1
114,FR,2024,6,27,3
114,FR,2024,7,24,2
114,FR,2024,8,15,1
114,FR,2024,9,26,1
114,FR,2024,10,21,2
114,FR,2024,11,25,1
114,FR,2024,12,30,1
114,IT,2023,1,14,1
114,IT,2023,2,21,2
114,IT,2023,3,23,2
114,IT,2023,4,20,2
114,IT,2023,5,26,2
114,IT,2023,6,30,2
114,IT,2023,7,16,2
114,IT,2023,8,18,1
114,IT,2023,9,28,1
114,IT,2023,10,17,2
114,IT,2023,11,23,2
114,IT,2023,12,31,2
114,IT,2024,1,13,1
114,IT,2024,2,18,2
114,IT,2024,3,29,2
114,IT,2024,4,21,1
114,IT,2024,5,22,1
114,IT,2024,6,26,1
114,IT,2024,7,22,1
114,IT,2024,8,13,1
114,IT,2024,9,29,1
114,IT,2024,10,24,1
114,IT,2024,11,20,2
114,IT,2024,12,25,2
114,ES,2023,1,12,2
114,ES,2023,2,22,1
114,ES,2023,3,27,1
114,ES,2023,4,20,2
114,ES,2023,5,24,1
114,ES,2023,6,23,3
114,ES,2023,7,22,2
114,ES,2023,8,14,1
114,ES,2023,9,25,3
114,ES,2023,10,20,1
114,ES,2023,11,21,1
114,ES,2023,12,23,2
114,ES,2024,1,16,1
114,ES,2024,2,23,2
114,ES,2024,3,23,1
114,ES,2024,4,15,1
114,ES,2024,5,26,1
114,ES,2024,6,30,2
114,ES,2024,7,16,1
114,ES,2024,8,18,1
114,ES,2024,9,23,2
114,ES,2024,10,21,1
114,ES,2024,11,21,2
114,ES,2024,12,24,1
114,UK,2023,1,17,2
114,UK,2023,2,22,2
114,UK,2023,3,26,1
114,UK,2023,4,22,1
114,UK,2023,5,24,2
114,UK,2023,6,26,1
114,UK,2023,7,27,3
114,UK,2023,8,24,1
114,UK,2023,9,27,1
114,UK,2023,10,26,1
114,UK,2023,11,27,3
114,UK,2023,12,32,1
114,UK,2024,1,20,2
114,UK,2024,2,28,2
114,UK,2024,3,32,1
114,UK,2024,4,20,1
114,UK,2024,5,28,2
114,UK,2024,6,34,1
114,UK,2024,7,22,2
114,UK,2024,8,20,1
114,UK,2024,9,33,1
114,UK,2024,10,24,2
114,UK,2024,11,29,1
114,UK,2024,12,40,1
114,PL,2023,1,13,1
114,PL,2023,2,14,1
114,PL,2023,3,23,1
114,PL,2023,4,20,2
114,PL,2023,5,18,1
114,PL,2023,6,27,1
114,PL,2023,7,15,2
114,PL,2023,8,16,1
114,PL,2023,9,20,1
114,PL,2023,10,23,2
114,PL,2023,11,24,2
114,PL,2023,12,20,1
114,PL,2024,1,13,2
114,PL,2024,2,21,1
114,PL,2024,3,21,2
114,PL,2024,4,18,1
114,PL,2024,5,18,1
114,PL,2024,6,16,1
114,PL,2024,7,18,1
114,PL,2024,8,13,1
114,PL,2024,9,21,3
114,PL,2024,10,22,1
114,PL,2024,11,15,1
114,PL,2024,12,25,1
114,RO,2023,1,14,1
114,RO,2023,2,18,2
114,RO,2023,3,25,1
114,RO,2023,4,19,1
114,RO,2023,5,20,1
114,RO,2023,6,25,2
114,RO,2023,7,17,1
114,RO,2023,8,13,1
114,RO,2023,9,18,1
114,RO,2023,10,16,1
114,RO,2023,11,27,1
114,RO,2023,12,26,2
114,RO,2024,1,12,2
114,RO,2024,2,15,2
114,RO,2024,3,24,1
114,RO,2024,4,20,1
114,RO,2024,5,20,1
114,RO,2024,6,21,3
114,RO,2024,7,18,1
114,RO,2024,8,15,2
114,RO,2024,9,22,1
114,RO,2024,10,12,1
114,RO,2024,11,18,1
114,RO,2024,12,19,1
115,DE,2023,1,44,2
115,DE,2023,2,78,3
115,DE,2023,3,68,1
115,DE,2023,4,51,1
115,DE,2023,5,61,2
115,DE,2023,6,69,2
115,DE,2023,7,57,1
115,DE,2023,8,47,1
115,DE,2023,9,84,1
115,DE,2023,10,44,1
115,DE,2023,11,57,1
115,DE,2023,12,55,1
115,DE,2024,1,46,1
115,DE,2024,2,46,1
115,DE,2024,3,60,1
115,DE,2024,4,51,2
115,DE,2024,5,61,2
115,DE,2024,6,73,1
115,DE,2024,7,43,2
115,DE,2024,8,43,2
115,DE,2024,9,57,1
115,DE,2024,10,43,1
115,DE,2024,11,52,2
115,DE,2024,12,61,2
115,FR,2023,1,58,3
115,FR,2023,2,57,2
115,FR,2023,3,51,2
115,FR,2023,4,49,1
115,FR,2023,5,62,1
115,FR,2023,6,85,1
115,FR,2023,7,41,1
115,FR,2023,8,31,2
115,FR,2023,9,82,1
115,FR,2023,10,57,2
115,FR,2023,11,46,1
115,FR,2023,12,69,1
115,FR,2024,1,26,1
115,FR,2024,2,54,1
115,FR,2024,3,67,2
115,FR,2024,4,61,2
115,FR,2024,5,45,3
115,FR,2024,6,65,1
115,FR,2024,7,46,1
115,FR,2024,8,44,1
115,FR,2024,9,56,1
115,FR,2024,10,50,2
115,FR,2024,11,45,2
115,FR,2024,12,71,2
115,IT,2023,1,40,1
115,IT,2023,2,43,2
115,IT,2023,3,54,1
115,IT,2023,4,35,2
115,IT,2023,5,42,1
115,IT,2023,6,53,1
115,IT,2023,7,62,1
115,IT,2023,8,29,2
115,IT,2023,9,65,1
115,IT,2023,10,51,1
115,IT,2023,11,46,2
115,IT,2023,12,68,1
115,IT,2024,1,38,1
115,IT,2024,2,47,1
115,IT,2024,3,53,1
115,IT,2024,4,53,2
115,IT,2024,5,52,2
115,IT,2024,6,48,1
115,IT,2024,7,36,3
115,IT,2024,8,34,1
115,IT,2024,9,47,1
115,IT,2024,10,44,1
115,IT,2024,11,53,1
115,IT,2024,12,50,1
115,ES,2023,1,35,2
115,ES,2023,2,45,2
115,ES,2023,3,60,1
115,ES,2023,4,29,1
115,ES,2023,5,40,2
115,ES,2023,6,55,2
115,ES,2023,7,53,2
115,ES,2023,8,33,1
115,ES,2023,9,38,2
115,ES,2023,10,49,1
115,ES,2023,11,40,1
115,ES,2023,12,44,1
115,ES,2024,1,32,1
115,ES,2024,2,43,1
115,ES,2024,3,49,1
115,ES,2024,4,30,1
115,ES,2024,5,51,2
115,ES,2024,6,64,1
115,ES,2024,7,49,1
115,ES,2024,8,29,1
115,ES,2024,9,52,3
115,ES,2024,10,44,1
115,ES,2024,11,49,1
115,ES,2024,12,59,1
115,UK,2023,1,38,2
115,UK,2023,2,54,3
115,UK,2023,3,69,1
115,UK,2023,4,65,1
115,UK,2023,5,59,2
115,UK,2023,6,72,1
115,UK,2023,7,54,2
115,UK,2023,8,52,1
115,UK,2023,9,68,1
115,UK,2023,10,47,1
115,UK,2023,11,65,1
115,UK,2023,12,71,2
115,UK,2024,1,40,2
115,UK,2024,2,50,1
115,UK,2024,3,67,2
115,UK,2024,4,57,1
115,UK,2024,5,55,1
115,UK,2024,6,67,1
115,UK,2024,7,67,2
115,UK,2024,8,50,2
115,UK,2024,9,66,2
115,UK,2024,10,61,2
115,UK,2024,11,45,2
115,UK,2024,12,68,3
115,PL,2023,1,41,2
115,PL,2023,2,39,2
115,PL,2023,3,42,1
115,PL,2023,4,36,1
115,PL,2023,5,33,1
115,PL,2023,6,42,1
115,PL,2023,7,38,1
115,PL,2023,8,25,1
115,PL,2023,9,48,2
115,PL,2023,10,45,1
115,PL,2023,11,34,1
115,PL,2023,12,59,1
115,PL,2024,1,34,3
115,PL,2024,2,46,1
115,PL,2024,3,43,1
115,PL,2024,4,45,2
115,PL,2024,5,33,2
115,PL,2024,6,55,1
115,PL,2024,7,41,1
115,PL,2024,8,35,1
115,PL,2024,9,40,3
115,PL,2024,10,35,1
115,PL,2024,11,44,1
115,PL,2024,12,41,1
115,RO,2023,1,34,1
115,RO,2023,2,32,2
115,RO,2023,3,54,1
115,RO,2023,4,33,1
115,RO,2023,5,43,1
115,RO,2023,6,53,1
115,RO,2023,7,36,1
115,RO,2023,8,35,2
115,RO,2023,9,50,2
115,RO,2023,10,37,2
115,RO,2023,11,34,2
115,RO,2023,12,34,2
115,RO,2024,1,34,1
115,RO,2024,2,30,2
115,RO,2024,3,49,2
115,RO,2024,4,38,2
115,RO,2024,5,44,1
115,RO,2024,6,46,1
115,RO,2024,7,38,2
115,RO,2024,8,35,2
115,RO,2024,9,51,3
115,RO,2024,10,42,1
115,RO,2024,11,43,1
115,RO,2024,12,37,1
116,DE,2023,1,28,2
116,DE,2023,2,35,1
116,DE,2023,3,32,1
116,DE,2023,4,31,3
116,DE,2023,5,32,1
116,DE,2023,6,38,2
116,DE,2023,7,34,1
116,DE,2023,8,31,2
116,DE,2023,9,45,1
116,DE,2023,10,26,2
116,DE,2023,11,35,2
116,DE,2023,12,46,1
116,DE,2024,1,27,1
116,DE,2024,2,37,1
116,DE,2024,3,50,2
116,DE,2024,4,37,2
116,DE,2024,5,33,1
116,DE,2024,6,44,2
116,DE,2024,7,33,1
116,DE,2024,8,26,2
116,DE,2024,9,36,3
116,DE,2024,10,39,1
116,DE,2024,11,28,1
116,DE,2024,12,47,1
116,FR,2023,1,27,1
116,FR,2023,2,25,1
116,FR,2023,3,41,1
116,FR,2023,4,22,1
116,FR,2023,5,35,1
116,FR,2023,6,44,1
116,FR,2023,7,29,1
116,FR,2023,8,26,1
116,FR,2023,9,50,2
116,FR,2023,10,29,2
116,FR,2023,11,27,1
116,FR,2023,12,47,1
116,FR,2024,1,33,2
116,FR,2024,2,32,3
116,FR,2024,3,44,1
116,FR,2024,4,38,1
116,FR,2024,5,28,1
116,FR,2024,6,36,1
116,FR,2024,7,38,1
116,FR,2024,8,32,1
116,FR,2024,9,42,2
116,FR,2024,10,28,1
116,FR,2024,11,42,1
116,FR,2024,12,35,1
116,IT,2023,1,20,1
116,IT,2023,2,28,1
116,IT,2023,3,39,1
116,IT,2023,4,30,2
116,IT,2023,5,28,1
116,IT,2023,6,34,2
116,IT,2023,7,27,2
116,IT,2023,8,23,1
116,IT,2023,9,20,1
116,IT,2023,10,25,1
116,IT,2023,11,27,2
116,IT,2023,12,26,2
116,IT,2024,1,22,2
116,IT,2024,2,26,1
116,IT,2024,3,40,2
116,IT,2024,4,33,1
116,IT,2024,5,25,1
116,IT,2024,6,31,1
116,IT,2024,7,26,1
116,IT,2024,8,20,2
116,IT,2024,9,33,1
116,IT,2024,10,23,1
116,IT,2024,11,22,1
116,IT,2024,12,35,2
116,ES,2023,1,23,2
116,ES,2023,2,23,1
116,ES,2023,3,36,1
116,ES,2023,4,24,1
116,ES,2023,5,28,2
116,ES,2023,6,36,1
116,ES,2023,7,26,1
116,ES,2023,8,23,1
116,ES,2023,9,29,1
116,ES,2023,10,26,2
116,ES,2023,11,26,1
116,ES,2023,12,28,1
116,ES,2024,1,21,1
116,ES,2024,2,20,1
116,ES,2024,3,30,2
116,ES,2024,4,25,1
116,ES,2024,5,25,2
116,ES,2024,6,31,2
116,ES,2024,7,26,1
116,ES,2024,8,23,1
116,ES,2024,9,36,1
116,ES,2024,10,24,2
116,ES,2024,11,22,1
116,ES,2024,12,27,1
116,UK,2023,1,24,1
116,UK,2023,2,30,2
116,UK,2023,3,34,1
116,UK,2023,4,26,1
116,UK,2023,5,30,1
116,UK,2023,6,39,1
116,UK,2023,7,35,2
116,UK,2023,8,23,1
116,UK,2023,9,36,2
116,UK,2023,10,27,2
116,UK,2023,11,32,1
116,UK,2023,12,33,2
116,UK,2024,1,28,1
116,UK,2024,2,23,1
116,UK,2024,3,36,2
116,UK,2024,4,33,1
116,UK,2024,5,33,2
116,UK,2024,6,54,1
116,UK,2024,7,34,2
116,UK,2024,8,22,1
116,UK,2024,9,38,1
116,UK,2024,10,23,1
116,UK,2024,11,32,2
116,UK,2024,12,34,2
116,PL,2023,1,22,1
116,PL,2023,2,22,2
116,PL,2023,3,28,1
116,PL,2023,4,21,1
116,PL,2023,5,30,2
116,PL,2023,6,27,2
116,PL,2023,7,30,2
116,PL,2023,8,21,2
116,PL,2023,9,31,1
116,PL,2023,10,25,2
116,PL,2023,11,25,1
116,PL,2023,12,20,1
116,PL,2024,1,18,1
116,PL,2024,2,27,1
116,PL,2024,3,28,1
116,PL,2024,4,19,1
116,PL,2024,5,24,1
116,PL,2024,6,36,1
116,PL,2024,7,28,1
116,PL,2024,8,19,1
116,PL,2024,9,33,1
116,PL,2024,10,22,2
116,PL,2024,11,18,2
116,PL,2024,12,25,2
116,RO,2023,1,23,1
116,RO,2023,2,23,2
116,RO,2023,3,28,1
116,RO,2023,4,23,1
116,RO,2023,5,31,1
116,RO,2023,6,36,2
116,RO,2023,7,32,1
116,RO,2023,8,18,1
116,RO,2023,9,30,1
116,RO,2023,10,18,2
116,RO,2023,11,29,2
116,RO,2023,12,24,1
116,RO,2024,1,20,1
116,RO,2024,2,20,1
116,RO,2024,3,26,2
116,RO,2024,4,21,1
116,RO,2024,5,22,2
116,RO,2024,6,26,1
116,RO,2024,7,22,2
116,RO,2024,8,21,1
116,RO,2024,9,24,1
116,RO,2024,10,25,1
116,RO,2024,11,28,1
116,RO,2024,12,26,1
117,DE,2023,1,17,2
117,DE,2023,2,24,1
117,DE,2023,3,35,2
117,DE,2023,4,25,2
117,DE,2023,5,23,1
117,DE,2023,6,32,2
117,DE,2023,7,21,2
117,DE,2023,8,22,1
117,DE,2023,9,32,2
117,DE,2023,10,24,1
117,DE,2023,11,22,1
117,DE,2023,12,26,2
117,DE,2024,1,21,1
117,DE,2024,2,29,1
117,DE,2024,3,27,1
117,DE,2024,4,26,2
117,DE,2024,5,17,2
117,DE,2024,6,27,1
117,DE,2024,7,25,2
117,DE,2024,8,17,2
117,DE,2024,9,25,1
117,DE,2024,10,22,1
117,DE,2024,11,26,2
117,DE,2024,12,29,2
117,FR,2023,1,13,2
117,FR,2023,2,17,1
117,FR,2023,3,27,1
117,FR,2023,4,26,1
117,FR,2023,5,14,1
117,FR,2023,6,27,1
117,FR,2023,7,23,2
117,FR,2023,8,24,1
117,FR,2023,9,28,2
117,FR,2023,10,26,1
117,FR,2023,11,25,1
117,FR,2023,12,20,1
117,FR,2024,1,22,1
117,FR,2024,2,26,1
117,FR,2024,3,32,3
117,FR,2024,4,40,2
117,FR,2024,5,17,1
117,FR,2024,6,38,1
117,FR,2024,7,24,2
117,FR,2024,8,21,1
117,FR,2024,9,30,1
117,FR,2024,10,23,1
117,FR,2024,11,23,2
117,FR,2024,12,31,1
117,IT,2023,1,12,1
117,IT,2023,2,23,2
117,IT,2023,3,23,1
117,IT,2023,4,17,1
117,IT,2023,5,19,1
117,IT,2023,6,29,2
117,IT,2023,7,19,1
117,IT,2023,8,17,3
117,IT,2023,9,22,2
117,IT,2023,10,23,1
117,IT,2023,11,23,3
117,IT,2023,12,32,1
117,IT,2024,1,16,1
117,IT,2024,2,23,1
117,IT,2024,3,25,1
117,IT,2024,4,25,1
117,IT,2024,5,18,1
117,IT,2024,6,28,1
117,IT,2024,7,20,2
117,IT,2024,8,16,1
117,IT,2024,9,25,3
117,IT,2024,10,21,1
117,IT,2024,11,20,1
117,IT,2024,12,26,1
117,ES,2023,1,20,1
117,ES,2023,2,24,1
117,ES,2023,3,28,2
117,ES,2023,4,19,2
117,ES,2023,5,18,3
117,ES,2023,6,28,1
117,ES,2023,7,23,2
117,ES,2023,8,20,1
117,ES,2023,9,22,1
117,ES,2023,10,20,2
117,ES,2023,11,15,2
117,ES,2023,12,23,1
117,ES,2024,1,19,1
117,ES,2024,2,19,1
117,ES,2024,3,27,2
117,ES,2024,4,20,1
117,ES,2024,5,22,3
117,ES,2024,6,20,1
117,ES,2024,7,21,1
117,ES,2024,8,9,1
117,ES,2024,9,24,1
117,ES,2024,10,15,1
117,ES,2024,11,24,2
117,ES,2024,12,28,2
117,UK,2023,1,21,2
117,UK,2023,2,30,2
117,UK,2023,3,25,2
117,UK,2023,4,31,1
117,UK,2023,5,28,2
117,UK,2023,6,29,1
117,UK,2023,7,29,1
117,UK,2023,8,16,1
117,UK,2023,9,26,1
117,UK,2023,10,22,1
117,UK,2023,11,23,3
117,UK,2023,12,25,1
117,UK,2024,1,23,1
117,UK,2024,2,24,1
117,UK,2024,3,31,1
117,UK,2024,4,23,1
117,UK,2024,5,18,1
117,UK,2024,6,31,1
117,UK,2024,7,17,1
117,UK,2024,8,19,2
117,UK,2024,9,24,2
117,UK,2024,10,32,1
117,UK,2024,11,28,1
117,UK,2024,12,30,1
117,PL,2023,1,17,2
117,PL,2023,2,16,1
117,PL,2023,3,24,1
117,PL,2023,4,19,2
117,PL,2023,5,19,1
117,PL,2023,6,27,1
117,PL,2023,7,20,1
117,PL,2023,8,15,2
117,PL,2023,9,17,2
117,PL,2023,10,16,2
117,PL,2023,11,18,1
117,PL,2023,12,22,1
117,PL,2024,1,12,3
117,PL,2024,2,25,3
117,PL,2024,3,27,1
117,PL,2024,4,20,2
117,PL,2024,5,19,1
117,PL,2024,6,21,1
117,PL,2024,7,16,2
117,PL,2024,8,15,1
117,PL,2024,9,23,2
117,PL,2024,10,15,1
117,PL,2024,11,19,1
117,PL,2024,12,22,2
117,RO,2023,1,10,2
117,RO,2023,2,16,1
117,RO,2023,3,21,1
117,RO,2023,4,24,2
117,RO,2023,5,20,1
117,RO,2023,6,18,3
117,RO,2023,7,20,2
117,RO,2023,8,11,1
117,RO,2023,9,26,1
117,RO,2023,10,17,1
117,RO,2023,11,18,2
117,RO,2023,12,27,1
117,RO,2024,1,12,1
117,RO,2024,2,14,1
117,RO,2024,3,20,1
117,RO,2024,4,21,1
117,RO,2024,5,14,1
117,RO,2024,6,13,2
117,RO,2024,7,17,2
117,RO,2024,8,16,2
117,RO,2024,9,26,1
117,RO,2024,10,17,1
117,RO,2024,11,17,2
117,RO,2024,12,26,1
