model_id,country_code,year,month,contracts
100,DE,2023,1,77
100,DE,2023,2,88
100,DE,2023,3,118
100,DE,2023,4,110
100,DE,2023,5,86
100,DE,2023,6,104
100,DE,2023,7,111
100,DE,2023,8,80
100,DE,2023,9,100
100,DE,2023,10,97
100,DE,2023,11,83
100,DE,2023,12,100
100,DE,2024,1,74
100,DE,2024,2,64
100,DE,2024,3,80
100,DE,2024,4,82
100,DE,2024,5,76
100,DE,2024,6,113
100,DE,2024,7,77
100,DE,2024,8,56
100,DE,2024,9,131
100,DE,2024,10,86
100,DE,2024,11,90
100,DE,2024,12,84
100,FR,2023,1,66
100,FR,2023,2,91
100,FR,2023,3,89
100,FR,2023,4,95
100,FR,2023,5,81
100,FR,2023,6,103
100,FR,2023,7,81
100,FR,2023,8,92
100,FR,2023,9,107
100,FR,2023,10,75
100,FR,2023,11,101
100,FR,2023,12,88
100,FR,2024,1,74
100,FR,2024,2,63
100,FR,2024,3,86
100,FR,2024,4,92
100,FR,2024,5,99
100,FR,2024,6,110
100,FR,2024,7,88
100,FR,2024,8,68
100,FR,2024,9,84
100,FR,2024,10,80
100,FR,2024,11,83
100,FR,2024,12,125
100,IT,2023,1,63
100,IT,2023,2,55
100,IT,2023,3,94
100,IT,2023,4,70
100,IT,2023,5,67
100,IT,2023,6,98
100,IT,2023,7,86
100,IT,2023,8,68
100,IT,2023,9,78
100,IT,2023,10,71
100,IT,2023,11,78
100,IT,2023,12,103
100,IT,2024,1,55
100,IT,2024,2,72
100,IT,2024,3,75
100,IT,2024,4,61
100,IT,2024,5,84
100,IT,2024,6,108
100,IT,2024,7,74
100,IT,2024,8,69
100,IT,2024,9,94
100,IT,2024,10,67
100,IT,2024,11,79
100,IT,2024,12,110
100,ES,2023,1,59
100,ES,2023,2,92
100,ES,2023,3,54
100,ES,2023,4,84
100,ES,2023,5,75
100,ES,2023,6,85
100,ES,2023,7,76
100,ES,2023,8,42
100,ES,2023,9,87
100,ES,2023,10,79
100,ES,2023,11,91
100,ES,2023,12,83
100,ES,2024,1,52
100,ES,2024,2,69
100,ES,2024,3,102
100,ES,2024,4,78
100,ES,2024,5,69
100,ES,2024,6,96
100,ES,2024,7,76
100,ES,2024,8,68
100,ES,2024,9,80
100,ES,2024,10,71
100,ES,2024,11,70
100,ES,2024,12,70
100,UK,2023,1,75
100,UK,2023,2,93
100,UK,2023,3,108
100,UK,2023,4,86
100,UK,2023,5,70
100,UK,2023,6,101
100,UK,2023,7,85
100,UK,2023,8,63
100,UK,2023,9,105
100,UK,2023,10,95
100,UK,2023,11,115
100,UK,2023,12,110
100,UK,2024,1,74
100,UK,2024,2,88
100,UK,2024,3,76
100,UK,2024,4,89
100,UK,2024,5,90
100,UK,2024,6,147
100,UK,2024,7,87
100,UK,2024,8,75
100,UK,2024,9,107
100,UK,2024,10,74
100,UK,2024,11,105
100,UK,2024,12,120
100,PL,2023,1,60
100,PL,2023,2,58
100,PL,2023,3,98
100,PL,2023,4,53
100,PL,2023,5,73
100,PL,2023,6,107
100,PL,2023,7,57
100,PL,2023,8,49
100,PL,2023,9,82
100,PL,2023,10,62
100,PL,2023,11,51
100,PL,2023,12,81
100,PL,2024,1,45
100,PL,2024,2,72
100,PL,2024,3,69
100,PL,2024,4,83
100,PL,2024,5,59
100,PL,2024,6,77
100,PL,2024,7,75
100,PL,2024,8,44
100,PL,2024,9,83
100,PL,2024,10,80
100,PL,2024,11,51
100,PL,2024,12,83
100,RO,2023,1,56
100,RO,2023,2,75
100,RO,2023,3,65
100,RO,2023,4,54
100,RO,2023,5,72
100,RO,2023,6,84
100,RO,2023,7,70
100,RO,2023,8,56
100,RO,2023,9,72
100,RO,2023,10,69
100,RO,2023,11,70
100,RO,2023,12,72
100,RO,2024,1,69
100,RO,2024,2,72
100,RO,2024,3,66
100,RO,2024,4,74
100,RO,2024,5,57
100,RO,2024,6,90
100,RO,2024,7,79
100,RO,2024,8,47
100,RO,2024,9,92
100,RO,2024,10,71
100,RO,2024,11,75
100,RO,2024,12,104
101,DE,2023,1,41
101,DE,2023,2,47
101,DE,2023,3,56
101,DE,2023,4,47
101,DE,2023,5,53
101,DE,2023,6,68
101,DE,2023,7,56
101,DE,2023,8,48
101,DE,2023,9,64
101,DE,2023,10,65
101,DE,2023,11,51
101,DE,2023,12,91
101,DE,2024,1,47
101,DE,2024,2,47
101,DE,2024,3,54
101,DE,2024,4,57
101,DE,2024,5,52
101,DE,2024,6,71
101,DE,2024,7,57
101,DE,2024,8,42
101,DE,2024,9,56
101,DE,2024,10,41
101,DE,2024,11,50
101,DE,2024,12,73
101,FR,2023,1,44
101,FR,2023,2,43
101,FR,2023,3,66
101,FR,2023,4,57
101,FR,2023,5,46
101,FR,2023,6,66
101,FR,2023,7,54
101,FR,2023,8,35
101,FR,2023,9,68
101,FR,2023,10,58
101,FR,2023,11,62
101,FR,2023,12,75
101,FR,2024,1,34
101,FR,2024,2,46
101,FR,2024,3,69
101,FR,2024,4,58
101,FR,2024,5,58
101,FR,2024,6,102
101,FR,2024,7,58
101,FR,2024,8,50
101,FR,2024,9,74
101,FR,2024,10,59
101,FR,2024,11,51
101,FR,2024,12,72
101,IT,2023,1,31
101,IT,2023,2,43
101,IT,2023,3,50
101,IT,2023,4,45
101,IT,2023,5,60
101,IT,2023,6,38
101,IT,2023,7,49
101,IT,2023,8,27
101,IT,2023,9,50
101,IT,2023,10,52
101,IT,2023,11,45
101,IT,2023,12,45
101,IT,2024,1,32
101,IT,2024,2,49
101,IT,2024,3,48
101,IT,2024,4,46
101,IT,2024,5,45
101,IT,2024,6,48
101,IT,2024,7,59
101,IT,2024,8,39
101,IT,2024,9,37
101,IT,2024,10,46
101,IT,2024,11,40
101,IT,2024,12,60
101,ES,2023,1,31
101,ES,2023,2,44
101,ES,2023,3,58
101,ES,2023,4,50
101,ES,2023,5,36
101,ES,2023,6,51
101,ES,2023,7,41
101,ES,2023,8,32
101,ES,2023,9,68
101,ES,2023,10,47
101,ES,2023,11,36
101,ES,2023,12,61
101,ES,2024,1,47
101,ES,2024,2,51
101,ES,2024,3,41
101,ES,2024,4,41
101,ES,2024,5,53
101,ES,2024,6,48
101,ES,2024,7,47
101,ES,2024,8,40
101,ES,2024,9,46
101,ES,2024,10,44
101,ES,2024,11,23
101,ES,2024,12,45
101,UK,2023,1,41
101,UK,2023,2,43
101,UK,2023,3,80
101,UK,2023,4,42
101,UK,2023,5,50
101,UK,2023,6,66
101,UK,2023,7,65
101,UK,2023,8,33
101,UK,2023,9,76
101,UK,2023,10,54
101,UK,2023,11,46
101,UK,2023,12,69
101,UK,2024,1,44
101,UK,2024,2,49
101,UK,2024,3,65
101,UK,2024,4,50
101,UK,2024,5,54
101,UK,2024,6,71
101,UK,2024,7,66
101,UK,2024,8,35
101,UK,2024,9,85
101,UK,2024,10,38
101,UK,2024,11,52
101,UK,2024,12,70
101,PL,2023,1,33
101,PL,2023,2,36
101,PL,2023,3,47
101,PL,2023,4,37
101,PL,2023,5,36
101,PL,2023,6,54
101,PL,2023,7,42
101,PL,2023,8,29
101,PL,2023,9,55
101,PL,2023,10,42
101,PL,2023,11,45
101,PL,2023,12,53
101,PL,2024,1,28
101,PL,2024,2,37
101,PL,2024,3,54
101,PL,2024,4,44
101,PL,2024,5,40
101,PL,2024,6,49
101,PL,2024,7,48
101,PL,2024,8,29
101,PL,2024,9,52
101,PL,2024,10,39
101,PL,2024,11,39
101,PL,2024,12,56
101,RO,2023,1,36
101,RO,2023,2,45
101,RO,2023,3,58
101,RO,2023,4,40
101,RO,2023,5,44
101,RO,2023,6,46
101,RO,2023,7,42
101,RO,2023,8,31
101,RO,2023,9,49
101,RO,2023,10,44
101,RO,2023,11,35
101,RO,2023,12,63
101,RO,2024,1,27
101,RO,2024,2,33
101,RO,2024,3,57
101,RO,2024,4,45
101,RO,2024,5,44
101,RO,2024,6,53
101,RO,2024,7,40
101,RO,2024,8,28
101,RO,2024,9,49
101,RO,2024,10,36
101,RO,2024,11,46
101,RO,2024,12,47
102,DE,2023,1,29
102,DE,2023,2,39
102,DE,2023,3,53
102,DE,2023,4,38
102,DE,2023,5,36
102,DE,2023,6,52
102,DE,2023,7,43
102,DE,2023,8,31
102,DE,2023,9,46
102,DE,2023,10,43
102,DE,2023,11,32
102,DE,2023,12,39
102,DE,2024,1,29
102,DE,2024,2,40
102,DE,2024,3,52
102,DE,2024,4,51
102,DE,2024,5,47
102,DE,2024,6,49
102,DE,2024,7,41
102,DE,2024,8,28
102,DE,2024,9,50
102,DE,2024,10,40
102,DE,2024,11,44
102,DE,2024,12,44
102,FR,2023,1,36
102,FR,2023,2,51
102,FR,2023,3,49
102,FR,2023,4,44
102,FR,2023,5,46
102,FR,2023,6,47
102,FR,2023,7,43
102,FR,2023,8,33
102,FR,2023,9,51
102,FR,2023,10,37
102,FR,2023,11,42
102,FR,2023,12,54
102,FR,2024,1,40
102,FR,2024,2,48
102,FR,2024,3,66
102,FR,2024,4,37
102,FR,2024,5,47
102,FR,2024,6,51
102,FR,2024,7,55
102,FR,2024,8,29
102,FR,2024,9,44
102,FR,2024,10,38
102,FR,2024,11,28
102,FR,2024,12,46
102,IT,2023,1,24
102,IT,2023,2,35
102,IT,2023,3,44
102,IT,2023,4,44
102,IT,2023,5,39
102,IT,2023,6,38
102,IT,2023,7,30
102,IT,2023,8,30
102,IT,2023,9,33
102,IT,2023,10,44
102,IT,2023,11,41
102,IT,2023,12,39
102,IT,2024,1,20
102,IT,2024,2,42
102,IT,2024,3,41
102,IT,2024,4,41
102,IT,2024,5,26
102,IT,2024,6,38
102,IT,2024,7,35
102,IT,2024,8,28
102,IT,2024,9,39
102,IT,2024,10,38
102,IT,2024,11,29
102,IT,2024,12,41
102,ES,2023,1,28
102,ES,2023,2,37
102,ES,2023,3,46
102,ES,2023,4,29
102,ES,2023,5,26
102,ES,2023,6,50
102,ES,2023,7,36
102,ES,2023,8,24
102,ES,2023,9,51
102,ES,2023,10,35
102,ES,2023,11,41
102,ES,2023,12,42
102,ES,2024,1,36
102,ES,2024,2,44
102,ES,2024,3,40
102,ES,2024,4,40
102,ES,2024,5,38
102,ES,2024,6,50
102,ES,2024,7,29
102,ES,2024,8,30
102,ES,2024,9,48
102,ES,2024,10,25
102,ES,2024,11,28
102,ES,2024,12,29
102,UK,2023,1,32
102,UK,2023,2,46
102,UK,2023,3,61
102,UK,2023,4,42
102,UK,2023,5,52
102,UK,2023,6,39
102,UK,2023,7,31
102,UK,2023,8,33
102,UK,2023,9,53
102,UK,2023,10,41
102,UK,2023,11,28
102,UK,2023,12,49
102,UK,2024,1,27
102,UK,2024,2,46
102,UK,2024,3,53
102,UK,2024,4,36
102,UK,2024,5,38
102,UK,2024,6,42
102,UK,2024,7,41
102,UK,2024,8,38
102,UK,2024,9,42
102,UK,2024,10,45
102,UK,2024,11,38
102,UK,2024,12,44
102,PL,2023,1,24
102,PL,2023,2,26
102,PL,2023,3,34
102,PL,2023,4,25
102,PL,2023,5,40
102,PL,2023,6,37
102,PL,2023,7,28
102,PL,2023,8,26
102,PL,2023,9,37
102,PL,2023,10,30
102,PL,2023,11,34
102,PL,2023,12,42
102,PL,2024,1,23
102,PL,2024,2,28
102,PL,2024,3,36
102,PL,2024,4,20
102,PL,2024,5,24
102,PL,2024,6,45
102,PL,2024,7,39
102,PL,2024,8,24
102,PL,2024,9,41
102,PL,2024,10,32
102,PL,2024,11,46
102,PL,2024,12,44
102,RO,2023,1,24
102,RO,2023,2,26
102,RO,2023,3,28
102,RO,2023,4,32
102,RO,2023,5,27
102,RO,2023,6,29
102,RO,2023,7,28
102,RO,2023,8,21
102,RO,2023,9,47
102,RO,2023,10,35
102,RO,2023,11,31
102,RO,2023,12,46
102,RO,2024,1,25
102,RO,2024,2,27
102,RO,2024,3,46
102,RO,2024,4,34
102,RO,2024,5,26
102,RO,2024,6,36
102,RO,2024,7,27
102,RO,2024,8,19
102,RO,2024,9,43
102,RO,2024,10,40
102,RO,2024,11,24
102,RO,2024,12,40
103,DE,2023,1,64
103,DE,2023,2,83
103,DE,2023,3,98
103,DE,2023,4,78
103,DE,2023,5,90
103,DE,2023,6,94
103,DE,2023,7,93
103,DE,2023,8,71
103,DE,2023,9,104
103,DE,2023,10,77
103,DE,2023,11,82
103,DE,2023,12,120
103,DE,2024,1,77
103,DE,2024,2,76
103,DE,2024,3,109
103,DE,2024,4,100
103,DE,2024,5,67
103,DE,2024,6,116
103,DE,2024,7,81
103,DE,2024,8,78
103,DE,2024,9,95
103,DE,2024,10,65
103,DE,2024,11,68
103,DE,2024,12,108
103,FR,2023,1,74
103,FR,2023,2,77
103,FR,2023,3,118
103,FR,2023,4,67
103,FR,2023,5,89
103,FR,2023,6,88
103,FR,2023,7,81
103,FR,2023,8,72
103,FR,2023,9,94
103,FR,2023,10,84
103,FR,2023,11,103
103,FR,2023,12,98
103,FR,2024,1,81
103,FR,2024,2,74
103,FR,2024,3,116
103,FR,2024,4,109
103,FR,2024,5,56
103,FR,2024,6,95
103,FR,2024,7,97
103,FR,2024,8,69
103,FR,2024,9,114
103,FR,2024,10,81
103,FR,2024,11,91
103,FR,2024,12,105
103,IT,2023,1,70
103,IT,2023,2,77
103,IT,2023,3,94
103,IT,2023,4,70
103,IT,2023,5,69
103,IT,2023,6,84
103,IT,2023,7,79
103,IT,2023,8,56
103,IT,2023,9,93
103,IT,2023,10,98
103,IT,2023,11,84
103,IT,2023,12,85
103,IT,2024,1,70
103,IT,2024,2,70
103,IT,2024,3,62
103,IT,2024,4,63
103,IT,2024,5,53
103,IT,2024,6,85
103,IT,2024,7,75
103,IT,2024,8,75
103,IT,2024,9,94
103,IT,2024,10,72
103,IT,2024,11,84
103,IT,2024,12,60
103,ES,2023,1,62
103,ES,2023,2,83
103,ES,2023,3,70
103,ES,2023,4,87
103,ES,2023,5,78
103,ES,2023,6,84
103,ES,2023,7,82
103,ES,2023,8,80
103,ES,2023,9,92
103,ES,2023,10,77
103,ES,2023,11,69
103,ES,2023,12,78
103,ES,2024,1,67
103,ES,2024,2,65
103,ES,2024,3,90
103,ES,2024,4,69
103,ES,2024,5,80
103,ES,2024,6,94
103,ES,2024,7,86
103,ES,2024,8,55
103,ES,2024,9,86
103,ES,2024,10,63
103,ES,2024,11,70
103,ES,2024,12,95
103,UK,2023,1,80
103,UK,2023,2,77
103,UK,2023,3,122
103,UK,2023,4,108
103,UK,2023,5,95
103,UK,2023,6,138
103,UK,2023,7,79
103,UK,2023,8,58
103,UK,2023,9,79
103,UK,2023,10,110
103,UK,2023,11,98
103,UK,2023,12,107
103,UK,2024,1,75
103,UK,2024,2,74
103,UK,2024,3,147
103,UK,2024,4,91
103,UK,2024,5,91
103,UK,2024,6,119
103,UK,2024,7,96
103,UK,2024,8,74
103,UK,2024,9,95
103,UK,2024,10,96
103,UK,2024,11,115
103,UK,2024,12,129
103,PL,2023,1,66
103,PL,2023,2,62
103,PL,2023,3,68
103,PL,2023,4,66
103,PL,2023,5,68
103,PL,2023,6,94
103,PL,2023,7,50
103,PL,2023,8,66
103,PL,2023,9,79
103,PL,2023,10,63
103,PL,2023,11,57
103,PL,2023,12,60
103,PL,2024,1,60
103,PL,2024,2,68
103,PL,2024,3,65
103,PL,2024,4,54
103,PL,2024,5,64
103,PL,2024,6,101
103,PL,2024,7,64
103,PL,2024,8,41
103,PL,2024,9,78
103,PL,2024,10,64
103,PL,2024,11,40
103,PL,2024,12,80
103,RO,2023,1,52
103,RO,2023,2,74
103,RO,2023,3,103
103,RO,2023,4,78
103,RO,2023,5,64
103,RO,2023,6,67
103,RO,2023,7,93
103,RO,2023,8,54
103,RO,2023,9,81
103,RO,2023,10,67
103,RO,2023,11,69
103,RO,2023,12,79
103,RO,2024,1,49
103,RO,2024,2,61
103,RO,2024,3,80
103,RO,2024,4,61
103,RO,2024,5,60
103,RO,2024,6,82
103,RO,2024,7,64
103,RO,2024,8,66
103,RO,2024,9,48
103,RO,2024,10,78
103,RO,2024,11,80
103,RO,2024,12,55
104,DE,2023,1,40
104,DE,2023,2,50
104,DE,2023,3,51
104,DE,2023,4,47
104,DE,2023,5,45
104,DE,2023,6,81
104,DE,2023,7,61
104,DE,2023,8,51
104,DE,2023,9,71
104,DE,2023,10,44
104,DE,2023,11,49
104,DE,2023,12,69
104,DE,2024,1,35
104,DE,2024,2,59
104,DE,2024,3,62
104,DE,2024,4,50
104,DE,2024,5,59
104,DE,2024,6,69
104,DE,2024,7,51
104,DE,2024,8,50
104,DE,2024,9,54
104,DE,2024,10,58
104,DE,2024,11,58
104,DE,2024,12,61
104,FR,2023,1,45
104,FR,2023,2,43
104,FR,2023,3,73
104,FR,2023,4,52
104,FR,2023,5,49
104,FR,2023,6,74
104,FR,2023,7,48
104,FR,2023,8,34
104,FR,2023,9,49
104,FR,2023,10,58
104,FR,2023,11,43
104,FR,2023,12,81
104,FR,2024,1,29
104,FR,2024,2,67
104,FR,2024,3,66
104,FR,2024,4,53
104,FR,2024,5,49
104,FR,2024,6,68
104,FR,2024,7,53
104,FR,2024,8,50
104,FR,2024,9,65
104,FR,2024,10,55
104,FR,2024,11,51
104,FR,2024,12,64
104,IT,2023,1,37
104,IT,2023,2,33
104,IT,2023,3,43
104,IT,2023,4,50
104,IT,2023,5,46
104,IT,2023,6,52
104,IT,2023,7,45
104,IT,2023,8,37
104,IT,2023,9,49
104,IT,2023,10,39
104,IT,2023,11,46
104,IT,2023,12,46
104,IT,2024,1,38
104,IT,2024,2,33
104,IT,2024,3,62
104,IT,2024,4,48
104,IT,2024,5,46
104,IT,2024,6,61
104,IT,2024,7,56
104,IT,2024,8,41
104,IT,2024,9,39
104,IT,2024,10,36
104,IT,2024,11,40
104,IT,2024,12,54
104,ES,2023,1,38
104,ES,2023,2,40
104,ES,2023,3,55
104,ES,2023,4,39
104,ES,2023,5,40
104,ES,2023,6,42
104,ES,2023,7,38
104,ES,2023,8,28
104,ES,2023,9,46
104,ES,2023,10,52
104,ES,2023,11,38
104,ES,2023,12,75
104,ES,2024,1,38
104,ES,2024,2,46
104,ES,2024,3,47
104,ES,2024,4,49
104,ES,2024,5,41
104,ES,2024,6,54
104,ES,2024,7,62
104,ES,2024,8,35
104,ES,2024,9,63
104,ES,2024,10,40
104,ES,2024,11,44
104,ES,2024,12,68
104,UK,2023,1,39
104,UK,2023,2,68
104,UK,2023,3,71
104,UK,2023,4,49
104,UK,2023,5,59
104,UK,2023,6,74
104,UK,2023,7,59
104,UK,2023,8,33
104,UK,2023,9,57
104,UK,2023,10,51
104,UK,2023,11,53
104,UK,2023,12,70
104,UK,2024,1,44
104,UK,2024,2,43
104,UK,2024,3,68
104,UK,2024,4,58
104,UK,2024,5,58
104,UK,2024,6,75
104,UK,2024,7,60
104,UK,2024,8,46
104,UK,2024,9,64
104,UK,2024,10,40
104,UK,2024,11,57
104,UK,2024,12,66
104,PL,2023,1,33
104,PL,2023,2,32
104,PL,2023,3,40
104,PL,2023,4,46
104,PL,2023,5,40
104,PL,2023,6,53
104,PL,2023,7,40
104,PL,2023,8,32
104,PL,2023,9,55
104,PL,2023,10,37
104,PL,2023,11,41
104,PL,2023,12,45
104,PL,2024,1,30
104,PL,2024,2,38
104,PL,2024,3,50
104,PL,2024,4,37
104,PL,2024,5,48
104,PL,2024,6,42
104,PL,2024,7,39
104,PL,2024,8,30
104,PL,2024,9,59
104,PL,2024,10,41
104,PL,2024,11,46
104,PL,2024,12,37
104,RO,2023,1,33
104,RO,2023,2,45
104,RO,2023,3,49
104,RO,2023,4,46
104,RO,2023,5,37
104,RO,2023,6,58
104,RO,2023,7,54
104,RO,2023,8,30
104,RO,2023,9,45
104,RO,2023,10,49
104,RO,2023,11,50
104,RO,2023,12,44
104,RO,2024,1,30
104,RO,2024,2,38
104,RO,2024,3,38
104,RO,2024,4,34
104,RO,2024,5,34
104,RO,2024,6,43
104,RO,2024,7,40
104,RO,2024,8,33
104,RO,2024,9,59
104,RO,2024,10,34
104,RO,2024,11,46
104,RO,2024,12,47
105,DE,2023,1,33
105,DE,2023,2,46
105,DE,2023,3,41
105,DE,2023,4,44
105,DE,2023,5,43
105,DE,2023,6,54
105,DE,2023,7,43
105,DE,2023,8,45
105,DE,2023,9,45
105,DE,2023,10,38
105,DE,2023,11,38
105,DE,2023,12,46
105,DE,2024,1,30
105,DE,2024,2,49
105,DE,2024,3,61
105,DE,2024,4,38
105,DE,2024,5,36
105,DE,2024,6,53
105,DE,2024,7,38
105,DE,2024,8,36
105,DE,2024,9,51
105,DE,2024,10,32
105,DE,2024,11,51
105,DE,2024,12,63
105,FR,2023,1,30
105,FR,2023,2,39
105,FR,2023,3,52
105,FR,2023,4,44
105,FR,2023,5,46
105,FR,2023,6,65
105,FR,2023,7,40
105,FR,2023,8,29
105,FR,2023,9,39
105,FR,2023,10,37
105,FR,2023,11,41
105,FR,2023,12,63
105,FR,2024,1,30
105,FR,2024,2,43
105,FR,2024,3,50
105,FR,2024,4,49
105,FR,2024,5,57
105,FR,2024,6,46
105,FR,2024,7,38
105,FR,2024,8,38
105,FR,2024,9,55
105,FR,2024,10,53
105,FR,2024,11,45
105,FR,2024,12,47
105,IT,2023,1,30
105,IT,2023,2,40
105,IT,2023,3,47
105,IT,2023,4,37
105,IT,2023,5,40
105,IT,2023,6,49
105,IT,2023,7,42
105,IT,2023,8,30
105,IT,2023,9,40
105,IT,2023,10,35
105,IT,2023,11,41
105,IT,2023,12,36
105,IT,2024,1,29
105,IT,2024,2,32
105,IT,2024,3,42
105,IT,2024,4,41
105,IT,2024,5,36
105,IT,2024,6,42
105,IT,2024,7,27
105,IT,2024,8,31
105,IT,2024,9,46
105,IT,2024,10,46
105,IT,2024,11,33
105,IT,2024,12,43
105,ES,2023,1,29
105,ES,2023,2,43
105,ES,2023,3,41
105,ES,2023,4,36
105,ES,2023,5,38
105,ES,2023,6,43
105,ES,2023,7,32
105,ES,2023,8,28
105,ES,2023,9,48
105,ES,2023,10,29
105,ES,2023,11,35
105,ES,2023,12,37
105,ES,2024,1,33
105,ES,2024,2,27
105,ES,2024,3,38
105,ES,2024,4,36
105,ES,2024,5,43
105,ES,2024,6,41
105,ES,2024,7,32
105,ES,2024,8,35
105,ES,2024,9,32
105,ES,2024,10,23
105,ES,2024,11,37
105,ES,2024,12,38
105,UK,2023,1,28
105,UK,2023,2,46
105,UK,2023,3,52
105,UK,2023,4,38
105,UK,2023,5,33
105,UK,2023,6,56
105,UK,2023,7,46
105,UK,2023,8,33
105,UK,2023,9,64
105,UK,2023,10,35
105,UK,2023,11,32
105,UK,2023,12,45
105,UK,2024,1,33
105,UK,2024,2,43
105,UK,2024,3,48
105,UK,2024,4,44
105,UK,2024,5,34
105,UK,2024,6,61
105,UK,2024,7,41
105,UK,2024,8,39
105,UK,2024,9,52
105,UK,2024,10,44
105,UK,2024,11,45
105,UK,2024,12,53
105,PL,2023,1,27
105,PL,2023,2,37
105,PL,2023,3,38
105,PL,2023,4,34
105,PL,2023,5,31
105,PL,2023,6,45
105,PL,2023,7,28
105,PL,2023,8,32
105,PL,2023,9,37
105,PL,2023,10,24
105,PL,2023,11,32
105,PL,2023,12,33
105,PL,2024,1,28
105,PL,2024,2,28
105,PL,2024,3,35
105,PL,2024,4,22
105,PL,2024,5,29
105,PL,2024,6,24
105,PL,2024,7,24
105,PL,2024,8,28
105,PL,2024,9,42
105,PL,2024,10,33
105,PL,2024,11,26
105,PL,2024,12,37
105,RO,2023,1,25
105,RO,2023,2,26
105,RO,2023,3,46
105,RO,2023,4,35
105,RO,2023,5,30
105,RO,2023,6,37
105,RO,2023,7,32
105,RO,2023,8,17
105,RO,2023,9,36
105,RO,2023,10,28
105,RO,2023,11,26
105,RO,2023,12,36
105,RO,2024,1,31
105,RO,2024,2,34
105,RO,2024,3,34
105,RO,2024,4,34
105,RO,2024,5,38
105,RO,2024,6,43
105,RO,2024,7,31
105,RO,2024,8,22
105,RO,2024,9,41
105,RO,2024,10,33
105,RO,2024,11,35
105,RO,2024,12,41
106,DE,2023,1,83
106,DE,2023,2,82
106,DE,2023,3,129
106,DE,2023,4,92
106,DE,2023,5,118
106,DE,2023,6,96
106,DE,2023,7,113
106,DE,2023,8,74
106,DE,2023,9,97
106,DE,2023,10,83
106,DE,2023,11,85
106,DE,2023,12,114
106,DE,2024,1,77
106,DE,2024,2,82
106,DE,2024,3,107
106,DE,2024,4,118
106,DE,2024,5,113
106,DE,2024,6,115
106,DE,2024,7,90
106,DE,2024,8,73
106,DE,2024,9,117
106,DE,2024,10,76
106,DE,2024,11,86
106,DE,2024,12,80
106,FR,2023,1,76
106,FR,2023,2,98
106,FR,2023,3,100
106,FR,2023,4,111
106,FR,2023,5,73
106,FR,2023,6,84
106,FR,2023,7,93
106,FR,2023,8,83
106,FR,2023,9,135
106,FR,2023,10,83
106,FR,2023,11,104
106,FR,2023,12,107
106,FR,2024,1,70
106,FR,2024,2,101
106,FR,2024,3,118
106,FR,2024,4,68
106,FR,2024,5,109
106,FR,2024,6,130
106,FR,2024,7,81
106,FR,2024,8,76
106,FR,2024,9,116
106,FR,2024,10,93
106,FR,2024,11,82
106,FR,2024,12,97
106,IT,2023,1,59
106,IT,2023,2,88
106,IT,2023,3,97
106,IT,2023,4,70
106,IT,2023,5,83
106,IT,2023,6,51
106,IT,2023,7,87
106,IT,2023,8,44
106,IT,2023,9,85
106,IT,2023,10,62
106,IT,2023,11,60
106,IT,2023,12,105
106,IT,2024,1,55
106,IT,2024,2,78
106,IT,2024,3,89
106,IT,2024,4,80
106,IT,2024,5,75
106,IT,2024,6,72
106,IT,2024,7,86
106,IT,2024,8,55
106,IT,2024,9,68
106,IT,2024,10,70
106,IT,2024,11,91
106,IT,2024,12,101
106,ES,2023,1,56
106,ES,2023,2,71
106,ES,2023,3,85
106,ES,2023,4,98
106,ES,2023,5,79
106,ES,2023,6,95
106,ES,2023,7,86
106,ES,2023,8,62
106,ES,2023,9,86
106,ES,2023,10,72
106,ES,2023,11,74
106,ES,2023,12,89
106,ES,2024,1,66
106,ES,2024,2,75
106,ES,2024,3,99
106,ES,2024,4,74
106,ES,2024,5,75
106,ES,2024,6,63
106,ES,2024,7,85
106,ES,2024,8,63
106,ES,2024,9,103
106,ES,2024,10,42
106,ES,2024,11,98
106,ES,2024,12,88
106,UK,2023,1,83
106,UK,2023,2,75
106,UK,2023,3,117
106,UK,2023,4,75
106,UK,2023,5,81
106,UK,2023,6,139
106,UK,2023,7,87
106,UK,2023,8,74
106,UK,2023,9,122
106,UK,2023,10,96
106,UK,2023,11,92
106,UK,2023,12,113
106,UK,2024,1,97
106,UK,2024,2,89
106,UK,2024,3,111
106,UK,2024,4,104
106,UK,2024,5,104
106,UK,2024,6,127
106,UK,2024,7,98
106,UK,2024,8,59
106,UK,2024,9,134
106,UK,2024,10,74
106,UK,2024,11,94
106,UK,2024,12,95
106,PL,2023,1,53
106,PL,2023,2,70
106,PL,2023,3,84
106,PL,2023,4,71
106,PL,2023,5,83
106,PL,2023,6,86
106,PL,2023,7,65
106,PL,2023,8,61
106,PL,2023,9,95
106,PL,2023,10,55
106,PL,2023,11,73
106,PL,2023,12,89
106,PL,2024,1,51
106,PL,2024,2,81
106,PL,2024,3,79
106,PL,2024,4,68
106,PL,2024,5,65
106,PL,2024,6,81
106,PL,2024,7,56
106,PL,2024,8,42
106,PL,2024,9,100
106,PL,2024,10,58
106,PL,2024,11,57
106,PL,2024,12,54
106,RO,2023,1,48
106,RO,2023,2,54
106,RO,2023,3,100
106,RO,2023,4,77
106,RO,2023,5,60
106,RO,2023,6,108
106,RO,2023,7,77
106,RO,2023,8,51
106,RO,2023,9,50
106,RO,2023,10,90
106,RO,2023,11,53
106,RO,2023,12,61
106,RO,2024,1,62
106,RO,2024,2,92
106,RO,2024,3,97
106,RO,2024,4,73
106,RO,2024,5,73
106,RO,2024,6,91
106,RO,2024,7,75
106,RO,2024,8,56
106,RO,2024,9,82
106,RO,2024,10,66
106,RO,2024,11,59
106,RO,2024,12,77
107,DE,2023,1,32
107,DE,2023,2,53
107,DE,2023,3,55
107,DE,2023,4,45
107,DE,2023,5,55
107,DE,2023,6,78
107,DE,2023,7,61
107,DE,2023,8,33
107,DE,2023,9,55
107,DE,2023,10,61
107,DE,2023,11,46
107,DE,2023,12,62
107,DE,2024,1,46
107,DE,2024,2,46
107,DE,2024,3,65
107,DE,2024,4,43
107,DE,2024,5,49
107,DE,2024,6,67
107,DE,2024,7,41
107,DE,2024,8,46
107,DE,2024,9,64
107,DE,2024,10,58
107,DE,2024,11,55
107,DE,2024,12,78
107,FR,2023,1,44
107,FR,2023,2,50
107,FR,2023,3,65
107,FR,2023,4,58
107,FR,2023,5,54
107,FR,2023,6,65
107,FR,2023,7,48
107,FR,2023,8,38
107,FR,2023,9,51
107,FR,2023,10,68
107,FR,2023,11,43
107,FR,2023,12,58
107,FR,2024,1,38
107,FR,2024,2,61
107,FR,2024,3,61
107,FR,2024,4,64
107,FR,2024,5,48
107,FR,2024,6,67
107,FR,2024,7,47
107,FR,2024,8,57
107,FR,2024,9,53
107,FR,2024,10,56
107,FR,2024,11,59
107,FR,2024,12,68
107,IT,2023,1,34
107,IT,2023,2,44
107,IT,2023,3,54
107,IT,2023,4,44
107,IT,2023,5,51
107,IT,2023,6,71
107,IT,2023,7,41
107,IT,2023,8,28
107,IT,2023,9,53
107,IT,2023,10,62
107,IT,2023,11,39
107,IT,2023,12,67
107,IT,2024,1,45
107,IT,2024,2,41
107,IT,2024,3,58
107,IT,2024,4,55
107,IT,2024,5,42
107,IT,2024,6,52
107,IT,2024,7,41
107,IT,2024,8,30
107,IT,2024,9,48
107,IT,2024,10,36
107,IT,2024,11,45
107,IT,2024,12,47
107,ES,2023,1,37
107,ES,2023,2,34
107,ES,2023,3,56
107,ES,2023,4,50
107,ES,2023,5,31
107,ES,2023,6,57
107,ES,2023,7,53
107,ES,2023,8,29
107,ES,2023,9,67
107,ES,2023,10,47
107,ES,2023,11,40
107,ES,2023,12,53
107,ES,2024,1,39
107,ES,2024,2,45
107,ES,2024,3,58
107,ES,2024,4,38
107,ES,2024,5,46
107,ES,2024,6,42
107,ES,2024,7,44
107,ES,2024,8,31
107,ES,2024,9,48
107,ES,2024,10,53
107,ES,2024,11,52
107,ES,2024,12,58
107,UK,2023,1,36
107,UK,2023,2,51
107,UK,2023,3,76
107,UK,2023,4,55
107,UK,2023,5,72
107,UK,2023,6,68
107,UK,2023,7,55
107,UK,2023,8,41
107,UK,2023,9,66
107,UK,2023,10,52
107,UK,2023,11,59
107,UK,2023,12,74
107,UK,2024,1,38
107,UK,2024,2,43
107,UK,2024,3,46
107,UK,2024,4,58
107,UK,2024,5,45
107,UK,2024,6,43
107,UK,2024,7,57
107,UK,2024,8,59
107,UK,2024,9,64
107,UK,2024,10,60
107,UK,2024,11,54
107,UK,2024,12,63
107,PL,2023,1,36
107,PL,2023,2,38
107,PL,2023,3,50
107,PL,2023,4,42
107,PL,2023,5,36
107,PL,2023,6,55
107,PL,2023,7,39
107,PL,2023,8,28
107,PL,2023,9,52
107,PL,2023,10,35
107,PL,2023,11,40
107,PL,2023,12,48
107,PL,2024,1,37
107,PL,2024,2,43
107,PL,2024,3,48
107,PL,2024,4,45
107,PL,2024,5,48
107,PL,2024,6,52
107,PL,2024,7,40
107,PL,2024,8,26
107,PL,2024,9,40
107,PL,2024,10,38
107,PL,2024,11,36
107,PL,2024,12,47
107,RO,2023,1,32
107,RO,2023,2,43
107,RO,2023,3,48
107,RO,2023,4,43
107,RO,2023,5,40
107,RO,2023,6,34
107,RO,2023,7,34
107,RO,2023,8,31
107,RO,2023,9,39
107,RO,2023,10,44
107,RO,2023,11,49
107,RO,2023,12,57
107,RO,2024,1,31
107,RO,2024,2,49
107,RO,2024,3,49
107,RO,2024,4,38
107,RO,2024,5,36
107,RO,2024,6,46
107,RO,2024,7,38
107,RO,2024,8,33
107,RO,2024,9,49
107,RO,2024,10,40
107,RO,2024,11,43
107,RO,2024,12,57
108,DE,2023,1,38
108,DE,2023,2,32
108,DE,2023,3,31
108,DE,2023,4,47
108,DE,2023,5,33
108,DE,2023,6,48
108,DE,2023,7,34
108,DE,2023,8,24
108,DE,2023,9,54
108,DE,2023,10,46
108,DE,2023,11,38
108,DE,2023,12,30
108,DE,2024,1,30
108,DE,2024,2,44
108,DE,2024,3,39
108,DE,2024,4,43
108,DE,2024,5,41
108,DE,2024,6,54
108,DE,2024,7,42
108,DE,2024,8,28
108,DE,2024,9,59
108,DE,2024,10,41
108,DE,2024,11,41
108,DE,2024,12,43
108,FR,2023,1,31
108,FR,2023,2,36
108,FR,2023,3,49
108,FR,2023,4,52
108,FR,2023,5,33
108,FR,2023,6,38
108,FR,2023,7,51
108,FR,2023,8,32
108,FR,2023,9,45
108,FR,2023,10,48
108,FR,2023,11,38
108,FR,2023,12,64
108,FR,2024,1,37
108,FR,2024,2,38
108,FR,2024,3,66
108,FR,2024,4,38
108,FR,2024,5,46
108,FR,2024,6,52
108,FR,2024,7,50
108,FR,2024,8,41
108,FR,2024,9,50
108,FR,2024,10,37
108,FR,2024,11,44
108,FR,2024,12,45
108,IT,2023,1,36
108,IT,2023,2,35
108,IT,2023,3,39
108,IT,2023,4,35
108,IT,2023,5,27
108,IT,2023,6,35
108,IT,2023,7,41
108,IT,2023,8,25
108,IT,2023,9,35
108,IT,2023,10,37
108,IT,2023,11,41
108,IT,2023,12,46
108,IT,2024,1,32
108,IT,2024,2,31
108,IT,2024,3,33
108,IT,2024,4,42
108,IT,2024,5,33
108,IT,2024,6,40
108,IT,2024,7,41
108,IT,2024,8,30
108,IT,2024,9,44
108,IT,2024,10,46
108,IT,2024,11,31
108,IT,2024,12,47
108,ES,2023,1,28
108,ES,2023,2,36
108,ES,2023,3,51
108,ES,2023,4,37
108,ES,2023,5,37
108,ES,2023,6,48
108,ES,2023,7,33
108,ES,2023,8,24
108,ES,2023,9,35
108,ES,2023,10,24
108,ES,2023,11,45
108,ES,2023,12,35
108,ES,2024,1,27
108,ES,2024,2,33
108,ES,2024,3,43
108,ES,2024,4,39
108,ES,2024,5,39
108,ES,2024,6,38
108,ES,2024,7,34
108,ES,2024,8,29
108,ES,2024,9,40
108,ES,2024,10,43
108,ES,2024,11,37
108,ES,2024,12,46
108,UK,2023,1,36
108,UK,2023,2,49
108,UK,2023,3,51
108,UK,2023,4,33
108,UK,2023,5,44
108,UK,2023,6,45
108,UK,2023,7,38
108,UK,2023,8,36
108,UK,2023,9,59
108,UK,2023,10,42
108,UK,2023,11,43
108,UK,2023,12,63
108,UK,2024,1,34
108,UK,2024,2,58
108,UK,2024,3,54
108,UK,2024,4,30
108,UK,2024,5,46
108,UK,2024,6,53
108,UK,2024,7,50
108,UK,2024,8,36
108,UK,2024,9,49
108,UK,2024,10,34
108,UK,2024,11,40
108,UK,2024,12,43
108,PL,2023,1,23
108,PL,2023,2,34
108,PL,2023,3,47
108,PL,2023,4,33
108,PL,2023,5,25
108,PL,2023,6,40
108,PL,2023,7,37
108,PL,2023,8,22
108,PL,2023,9,37
108,PL,2023,10,31
108,PL,2023,11,27
108,PL,2023,12,41
108,PL,2024,1,24
108,PL,2024,2,33
108,PL,2024,3,32
108,PL,2024,4,29
108,PL,2024,5,34
108,PL,2024,6,35
108,PL,2024,7,39
108,PL,2024,8,23
108,PL,2024,9,39
108,PL,2024,10,35
108,PL,2024,11,24
108,PL,2024,12,27
108,RO,2023,1,19
108,RO,2023,2,37
108,RO,2023,3,34
108,RO,2023,4,43
108,RO,2023,5,28
108,RO,2023,6,38
108,RO,2023,7,38
108,RO,2023,8,32
108,RO,2023,9,49
108,RO,2023,10,37
108,RO,2023,11,36
108,RO,2023,12,41
108,RO,2024,1,28
108,RO,2024,2,28
108,RO,2024,3,33
108,RO,2024,4,31
108,RO,2024,5,30
108,RO,2024,6,35
108,RO,2024,7,34
108,RO,2024,8,28
108,RO,2024,9,38
108,RO,2024,10,38
108,RO,2024,11,26
108,RO,2024,12,36
109,DE,2023,1,38
109,DE,2023,2,38
109,DE,2023,3,63
109,DE,2023,4,53
109,DE,2023,5,66
109,DE,2023,6,70
109,DE,2023,7,45
109,DE,2023,8,55
109,DE,2023,9,76
109,DE,2023,10,58
109,DE,2023,11,52
109,DE,2023,12,55
109,DE,2024,1,40
109,DE,2024,2,62
109,DE,2024,3,83
109,DE,2024,4,66
109,DE,2024,5,50
109,DE,2024,6,53
109,DE,2024,7,55
109,DE,2024,8,31
109,DE,2024,9,67
109,DE,2024,10,52
109,DE,2024,11,50
109,DE,2024,12,49
109,FR,2023,1,46
109,FR,2023,2,49
109,FR,2023,3,53
109,FR,2023,4,30
109,FR,2023,5,53
109,FR,2023,6,82
109,FR,2023,7,67
109,FR,2023,8,40
109,FR,2023,9,58
109,FR,2023,10,57
109,FR,2023,11,45
109,FR,2023,12,67
109,FR,2024,1,48
109,FR,2024,2,63
109,FR,2024,3,63
109,FR,2024,4,52
109,FR,2024,5,46
109,FR,2024,6,56
109,FR,2024,7,52
109,FR,2024,8,45
109,FR,2024,9,73
109,FR,2024,10,47
109,FR,2024,11,66
109,FR,2024,12,62
109,IT,2023,1,35
109,IT,2023,2,39
109,IT,2023,3,34
109,IT,2023,4,50
109,IT,2023,5,49
109,IT,2023,6,51
109,IT,2023,7,45
109,IT,2023,8,38
109,IT,2023,9,41
109,IT,2023,10,41
109,IT,2023,11,50
109,IT,2023,12,43
109,IT,2024,1,37
109,IT,2024,2,35
109,IT,2024,3,57
109,IT,2024,4,44
109,IT,2024,5,34
109,IT,2024,6,63
109,IT,2024,7,40
109,IT,2024,8,31
109,IT,2024,9,55
109,IT,2024,10,52
109,IT,2024,11,38
109,IT,2024,12,54
109,ES,2023,1,38
109,ES,2023,2,49
109,ES,2023,3,55
109,ES,2023,4,42
109,ES,2023,5,39
109,ES,2023,6,54
109,ES,2023,7,37
109,ES,2023,8,20
109,ES,2023,9,57
109,ES,2023,10,51
109,ES,2023,11,29
109,ES,2023,12,45
109,ES,2024,1,39
109,ES,2024,2,58
109,ES,2024,3,54
109,ES,2024,4,40
109,ES,2024,5,43
109,ES,2024,6,65
109,ES,2024,7,40
109,ES,2024,8,31
109,ES,2024,9,50
109,ES,2024,10,38
109,ES,2024,11,45
109,ES,2024,12,67
109,UK,2023,1,45
109,UK,2023,2,51
109,UK,2023,3,61
109,UK,2023,4,41
109,UK,2023,5,61
109,UK,2023,6,64
109,UK,2023,7,52
109,UK,2023,8,63
109,UK,2023,9,67
109,UK,2023,10,47
109,UK,2023,11,50
109,UK,2023,12,75
109,UK,2024,1,43
109,UK,2024,2,42
109,UK,2024,3,73
109,UK,2024,4,48
109,UK,2024,5,69
109,UK,2024,6,75
109,UK,2024,7,50
109,UK,2024,8,51
109,UK,2024,9,65
109,UK,2024,10,60
109,UK,2024,11,57
109,UK,2024,12,56
109,PL,2023,1,29
109,PL,2023,2,46
109,PL,2023,3,46
109,PL,2023,4,38
109,PL,2023,5,34
109,PL,2023,6,51
109,PL,2023,7,53
109,PL,2023,8,27
109,PL,2023,9,48
109,PL,2023,10,49
109,PL,2023,11,40
109,PL,2023,12,51
109,PL,2024,1,27
109,PL,2024,2,43
109,PL,2024,3,47
109,PL,2024,4,46
109,PL,2024,5,47
109,PL,2024,6,67
109,PL,2024,7,44
109,PL,2024,8,33
109,PL,2024,9,50
109,PL,2024,10,38
109,PL,2024,11,42
109,PL,2024,12,46
109,RO,2023,1,33
109,RO,2023,2,48
109,RO,2023,3,41
109,RO,2023,4,47
109,RO,2023,5,48
109,RO,2023,6,47
109,RO,2023,7,27
109,RO,2023,8,29
109,RO,2023,9,58
109,RO,2023,10,40
109,RO,2023,11,34
109,RO,2023,12,44
109,RO,2024,1,36
109,RO,2024,2,43
109,RO,2024,3,46
109,RO,2024,4,38
109,RO,2024,5,38
109,RO,2024,6,41
109,RO,2024,7,50
109,RO,2024,8,30
109,RO,2024,9,57
109,RO,2024,10,49
109,RO,2024,11,46
109,RO,2024,12,45
110,DE,2023,1,27
110,DE,2023,2,32
110,DE,2023,3,33
110,DE,2023,4,33
110,DE,2023,5,26
110,DE,2023,6,45
110,DE,2023,7,30
110,DE,2023,8,26
110,DE,2023,9,40
110,DE,2023,10,31
110,DE,2023,11,35
110,DE,2023,12,36
110,DE,2024,1,29
110,DE,2024,2,25
110,DE,2024,3,39
110,DE,2024,4,41
110,DE,2024,5,27
110,DE,2024,6,34
110,DE,2024,7,34
110,DE,2024,8,26
110,DE,2024,9,40
110,DE,2024,10,34
110,DE,2024,11,35
110,DE,2024,12,45
110,FR,2023,1,27
110,FR,2023,2,31
110,FR,2023,3,42
110,FR,2023,4,41
110,FR,2023,5,31
110,FR,2023,6,33
110,FR,2023,7,37
110,FR,2023,8,25
110,FR,2023,9,26
110,FR,2023,10,36
110,FR,2023,11,29
110,FR,2023,12,38
110,FR,2024,1,27
110,FR,2024,2,33
110,FR,2024,3,43
110,FR,2024,4,30
110,FR,2024,5,34
110,FR,2024,6,37
110,FR,2024,7,35
110,FR,2024,8,28
110,FR,2024,9,33
110,FR,2024,10,37
110,FR,2024,11,29
110,FR,2024,12,43
110,IT,2023,1,22
110,IT,2023,2,34
110,IT,2023,3,31
110,IT,2023,4,25
110,IT,2023,5,26
110,IT,2023,6,30
110,IT,2023,7,30
110,IT,2023,8,16
110,IT,2023,9,27
110,IT,2023,10,22
110,IT,2023,11,30
110,IT,2023,12,40
110,IT,2024,1,21
110,IT,2024,2,26
110,IT,2024,3,32
110,IT,2024,4,31
110,IT,2024,5,23
110,IT,2024,6,33
110,IT,2024,7,30
110,IT,2024,8,23
110,IT,2024,9,33
110,IT,2024,10,31
110,IT,2024,11,16
110,IT,2024,12,35
110,ES,2023,1,19
110,ES,2023,2,19
110,ES,2023,3,34
110,ES,2023,4,32
110,ES,2023,5,26
110,ES,2023,6,37
110,ES,2023,7,33
110,ES,2023,8,25
110,ES,2023,9,40
110,ES,2023,10,30
110,ES,2023,11,27
110,ES,2023,12,24
110,ES,2024,1,20
110,ES,2024,2,23
110,ES,2024,3,42
110,ES,2024,4,26
110,ES,2024,5,27
110,ES,2024,6,35
110,ES,2024,7,27
110,ES,2024,8,27
110,ES,2024,9,29
110,ES,2024,10,27
110,ES,2024,11,23
110,ES,2024,12,25
110,UK,2023,1,23
110,UK,2023,2,32
110,UK,2023,3,36
110,UK,2023,4,29
110,UK,2023,5,25
110,UK,2023,6,38
110,UK,2023,7,25
110,UK,2023,8,28
110,UK,2023,9,39
110,UK,2023,10,25
110,UK,2023,11,30
110,UK,2023,12,34
110,UK,2024,1,27
110,UK,2024,2,38
110,UK,2024,3,27
110,UK,2024,4,32
110,UK,2024,5,31
110,UK,2024,6,42
110,UK,2024,7,33
110,UK,2024,8,22
110,UK,2024,9,37
110,UK,2024,10,28
110,UK,2024,11,37
110,UK,2024,12,39
110,PL,2023,1,24
110,PL,2023,2,24
110,PL,2023,3,26
110,PL,2023,4,18
110,PL,2023,5,17
110,PL,2023,6,22
110,PL,2023,7,25
110,PL,2023,8,20
110,PL,2023,9,22
110,PL,2023,10,27
110,PL,2023,11,22
110,PL,2023,12,29
110,PL,2024,1,24
110,PL,2024,2,27
110,PL,2024,3,27
110,PL,2024,4,21
110,PL,2024,5,16
110,PL,2024,6,26
110,PL,2024,7,23
110,PL,2024,8,16
110,PL,2024,9,28
110,PL,2024,10,24
110,PL,2024,11,23
110,PL,2024,12,26
110,RO,2023,1,19
110,RO,2023,2,25
110,RO,2023,3,24
110,RO,2023,4,29
110,RO,2023,5,23
110,RO,2023,6,29
110,RO,2023,7,26
110,RO,2023,8,20
110,RO,2023,9,33
110,RO,2023,10,25
110,RO,2023,11,22
110,RO,2023,12,30
110,RO,2024,1,16
110,RO,2024,2,24
110,RO,2024,3,29
110,RO,2024,4,23
110,RO,2024,5,23
110,RO,2024,6,20
110,RO,2024,7,22
110,RO,2024,8,19
110,RO,2024,9,29
110,RO,2024,10,20
110,RO,2024,11,28
110,RO,2024,12,25
111,DE,2023,1,23
111,DE,2023,2,26
111,DE,2023,3,27
111,DE,2023,4,31
111,DE,2023,5,20
111,DE,2023,6,34
111,DE,2023,7,28
111,DE,2023,8,18
111,DE,2023,9,36
111,DE,2023,10,24
111,DE,2023,11,26
111,DE,2023,12,31
111,DE,2024,1,19
111,DE,2024,2,28
111,DE,2024,3,33
111,DE,2024,4,18
111,DE,2024,5,30
111,DE,2024,6,22
111,DE,2024,7,29
111,DE,2024,8,23
111,DE,2024,9,25
111,DE,2024,10,23
111,DE,2024,11,21
111,DE,2024,12,29
111,FR,2023,1,19
111,FR,2023,2,28
111,FR,2023,3,36
111,FR,2023,4,30
111,FR,2023,5,23
111,FR,2023,6,29
111,FR,2023,7,18
111,FR,2023,8,17
111,FR,2023,9,34
111,FR,2023,10,31
111,FR,2023,11,20
111,FR,2023,12,27
111,FR,2024,1,20
111,FR,2024,2,26
111,FR,2024,3,26
111,FR,2024,4,26
111,FR,2024,5,23
111,FR,2024,6,30
111,FR,2024,7,27
111,FR,2024,8,20
111,FR,2024,9,28
111,FR,2024,10,24
111,FR,2024,11,24
111,FR,2024,12,28
111,IT,2023,1,16
111,IT,2023,2,26
111,IT,2023,3,27
111,IT,2023,4,20
111,IT,2023,5,23
111,IT,2023,6,23
111,IT,2023,7,24
111,IT,2023,8,17
111,IT,2023,9,24
111,IT,2023,10,22
111,IT,2023,11,16
111,IT,2023,12,20
111,IT,2024,1,13
111,IT,2024,2,21
111,IT,2024,3,31
111,IT,2024,4,28
111,IT,2024,5,23
111,IT,2024,6,27
111,IT,2024,7,15
111,IT,2024,8,15
111,IT,2024,9,22
111,IT,2024,10,19
111,IT,2024,11,20
111,IT,2024,12,23
111,ES,2023,1,11
111,ES,2023,2,23
111,ES,2023,3,21
111,ES,2023,4,21
111,ES,2023,5,27
111,ES,2023,6,21
111,ES,2023,7,13
111,ES,2023,8,16
111,ES,2023,9,29
111,ES,2023,10,27
111,ES,2023,11,17
111,ES,2023,12,27
111,ES,2024,1,15
111,ES,2024,2,20
111,ES,2024,3,35
111,ES,2024,4,16
111,ES,2024,5,21
111,ES,2024,6,26
111,ES,2024,7,24
111,ES,2024,8,17
111,ES,2024,9,26
111,ES,2024,10,19
111,ES,2024,11,21
111,ES,2024,12,23
111,UK,2023,1,22
111,UK,2023,2,23
111,UK,2023,3,31
111,UK,2023,4,25
111,UK,2023,5,29
111,UK,2023,6,30
111,UK,2023,7,18
111,UK,2023,8,23
111,UK,2023,9,26
111,UK,2023,10,22
111,UK,2023,11,22
111,UK,2023,12,36
111,UK,2024,1,13
111,UK,2024,2,37
111,UK,2024,3,35
111,UK,2024,4,26
111,UK,2024,5,24
111,UK,2024,6,31
111,UK,2024,7,27
111,UK,2024,8,22
111,UK,2024,9,32
111,UK,2024,10,25
111,UK,2024,11,24
111,UK,2024,12,29
111,PL,2023,1,14
111,PL,2023,2,22
111,PL,2023,3,24
111,PL,2023,4,10
111,PL,2023,5,20
111,PL,2023,6,23
111,PL,2023,7,18
111,PL,2023,8,14
111,PL,2023,9,26
111,PL,2023,10,21
111,PL,2023,11,16
111,PL,2023,12,24
111,PL,2024,1,12
111,PL,2024,2,14
111,PL,2024,3,20
111,PL,2024,4,21
111,PL,2024,5,21
111,PL,2024,6,24
111,PL,2024,7,20
111,PL,2024,8,16
111,PL,2024,9,20
111,PL,2024,10,20
111,PL,2024,11,21
111,PL,2024,12,25
111,RO,2023,1,17
111,RO,2023,2,20
111,RO,2023,3,23
111,RO,2023,4,21
111,RO,2023,5,18
111,RO,2023,6,19
111,RO,2023,7,18
111,RO,2023,8,13
111,RO,2023,9,20
111,RO,2023,10,18
111,RO,2023,11,16
111,RO,2023,12,21
111,RO,2024,1,10
111,RO,2024,2,19
111,RO,2024,3,22
111,RO,2024,4,16
111,RO,2024,5,20
111,RO,2024,6,25
111,RO,2024,7,14
111,RO,2024,8,13
111,RO,2024,9,20
111,RO,2024,10,16
111,RO,2024,11,21
111,RO,2024,12,22
112,DE,2023,1,41
112,DE,2023,2,37
112,DE,2023,3,70
112,DE,2023,4,43
112,DE,2023,5,54
112,DE,2023,6,67
112,DE,2023,7,65
112,DE,2023,8,34
112,DE,2023,9,35
112,DE,2023,10,55
112,DE,2023,11,68
112,DE,2023,12,76
112,DE,2024,1,44
112,DE,2024,2,50
112,DE,2024,3,72
112,DE,2024,4,46
112,DE,2024,5,57
112,DE,2024,6,69
112,DE,2024,7,62
112,DE,2024,8,61
112,DE,2024,9,68
112,DE,2024,10,49
112,DE,2024,11,53
112,DE,2024,12,47
112,FR,2023,1,38
112,FR,2023,2,50
112,FR,2023,3,59
112,FR,2023,4,55
112,FR,2023,5,47
112,FR,2023,6,75
112,FR,2023,7,54
112,FR,2023,8,43
112,FR,2023,9,61
112,FR,2023,10,55
112,FR,2023,11,60
112,FR,2023,12,56
112,FR,2024,1,38
112,FR,2024,2,51
112,FR,2024,3,51
112,FR,2024,4,47
112,FR,2024,5,50
112,FR,2024,6,73
112,FR,2024,7,56
112,FR,2024,8,44
112,FR,2024,9,73
112,FR,2024,10,52
112,FR,2024,11,57
112,FR,2024,12,63
112,IT,2023,1,37
112,IT,2023,2,41
112,IT,2023,3,34
112,IT,2023,4,44
112,IT,2023,5,54
112,IT,2023,6,61
112,IT,2023,7,51
112,IT,2023,8,42
112,IT,2023,9,54
112,IT,2023,10,46
112,IT,2023,11,40
112,IT,2023,12,51
112,IT,2024,1,39
112,IT,2024,2,53
112,IT,2024,3,52
112,IT,2024,4,41
112,IT,2024,5,45
112,IT,2024,6,58
112,IT,2024,7,35
112,IT,2024,8,23
112,IT,2024,9,49
112,IT,2024,10,36
112,IT,2024,11,41
112,IT,2024,12,52
112,ES,2023,1,33
112,ES,2023,2,54
112,ES,2023,3,56
112,ES,2023,4,47
112,ES,2023,5,49
112,ES,2023,6,44
112,ES,2023,7,52
112,ES,2023,8,35
112,ES,2023,9,59
112,ES,2023,10,37
112,ES,2023,11,34
112,ES,2023,12,60
112,ES,2024,1,38
112,ES,2024,2,38
112,ES,2024,3,46
112,ES,2024,4,52
112,ES,2024,5,36
112,ES,2024,6,67
112,ES,2024,7,38
112,ES,2024,8,39
112,ES,2024,9,51
112,ES,2024,10,49
112,ES,2024,11,41
112,ES,2024,12,52
112,UK,2023,1,43
112,UK,2023,2,45
112,UK,2023,3,72
112,UK,2023,4,49
112,UK,2023,5,52
112,UK,2023,6,55
112,UK,2023,7,33
112,UK,2023,8,41
112,UK,2023,9,88
112,UK,2023,10,60
112,UK,2023,11,53
112,UK,2023,12,62
112,UK,2024,1,43
112,UK,2024,2,58
112,UK,2024,3,53
112,UK,2024,4,63
112,UK,2024,5,59
112,UK,2024,6,71
112,UK,2024,7,57
112,UK,2024,8,43
112,UK,2024,9,71
112,UK,2024,10,58
112,UK,2024,11,51
112,UK,2024,12,59
112,PL,2023,1,32
112,PL,2023,2,49
112,PL,2023,3,39
112,PL,2023,4,31
112,PL,2023,5,41
112,PL,2023,6,48
112,PL,2023,7,41
112,PL,2023,8,33
112,PL,2023,9,46
112,PL,2023,10,49
112,PL,2023,11,30
112,PL,2023,12,42
112,PL,2024,1,31
112,PL,2024,2,30
112,PL,2024,3,47
112,PL,2024,4,50
112,PL,2024,5,40
112,PL,2024,6,50
112,PL,2024,7,32
112,PL,2024,8,29
112,PL,2024,9,45
112,PL,2024,10,38
112,PL,2024,11,48
112,PL,2024,12,52
112,RO,2023,1,26
112,RO,2023,2,41
112,RO,2023,3,52
112,RO,2023,4,47
112,RO,2023,5,50
112,RO,2023,6,41
112,RO,2023,7,35
112,RO,2023,8,26
112,RO,2023,9,46
112,RO,2023,10,43
112,RO,2023,11,46
112,RO,2023,12,48
112,RO,2024,1,30
112,RO,2024,2,41
112,RO,2024,3,42
112,RO,2024,4,53
112,RO,2024,5,30
112,RO,2024,6,49
112,RO,2024,7,52
112,RO,2024,8,32
112,RO,2024,9,47
112,RO,2024,10,38
112,RO,2024,11,39
112,RO,2024,12,58
113,DE,2023,1,17
113,DE,2023,2,39
113,DE,2023,3,30
113,DE,2023,4,31
113,DE,2023,5,30
113,DE,2023,6,42
113,DE,2023,7,24
113,DE,2023,8,27
113,DE,2023,9,50
113,DE,2023,10,25
113,DE,2023,11,33
113,DE,2023,12,35
113,DE,2024,1,27
113,DE,2024,2,32
113,DE,2024,3,35
113,DE,2024,4,34
113,DE,2024,5,41
113,DE,2024,6,37
113,DE,2024,7,35
113,DE,2024,8,20
113,DE,2024,9,33
113,DE,2024,10,34
113,DE,2024,11,39
113,DE,2024,12,40
113,FR,2023,1,24
113,FR,2023,2,32
113,FR,2023,3,31
113,FR,2023,4,35
113,FR,2023,5,36
113,FR,2023,6,36
113,FR,2023,7,30
113,FR,2023,8,26
113,FR,2023,9,36
113,FR,2023,10,32
113,FR,2023,11,42
113,FR,2023,12,37
113,FR,2024,1,24
113,FR,2024,2,29
113,FR,2024,3,43
113,FR,2024,4,31
113,FR,2024,5,29
113,FR,2024,6,46
113,FR,2024,7,39
113,FR,2024,8,23
113,FR,2024,9,27
113,FR,2024,10,37
113,FR,2024,11,29
113,FR,2024,12,43
113,IT,2023,1,15
113,IT,2023,2,30
113,IT,2023,3,26
113,IT,2023,4,29
113,IT,2023,5,27
113,IT,2023,6,27
113,IT,2023,7,25
113,IT,2023,8,23
113,IT,2023,9,32
113,IT,2023,10,29
113,IT,2023,11,35
113,IT,2023,12,24
113,IT,2024,1,26
113,IT,2024,2,27
113,IT,2024,3,28
113,IT,2024,4,21
113,IT,2024,5,26
113,IT,2024,6,36
113,IT,2024,7,26
113,IT,2024,8,26
113,IT,2024,9,25
113,IT,2024,10,26
113,IT,2024,11,21
113,IT,2024,12,34
113,ES,2023,1,24
113,ES,2023,2,25
113,ES,2023,3,19
113,ES,2023,4,27
113,ES,2023,5,28
113,ES,2023,6,34
113,ES,2023,7,32
113,ES,2023,8,18
113,ES,2023,9,35
113,ES,2023,10,31
113,ES,2023,11,19
113,ES,2023,12,33
113,ES,2024,1,19
113,ES,2024,2,26
113,ES,2024,3,34
113,ES,2024,4,25
113,ES,2024,5,24
113,ES,2024,6,32
113,ES,2024,7,22
113,ES,2024,8,18
113,ES,2024,9,35
113,ES,2024,10,22
113,ES,2024,11,29
113,ES,2024,12,34
113,UK,2023,1,19
113,UK,2023,2,29
113,UK,2023,3,45
113,UK,2023,4,27
113,UK,2023,5,30
113,UK,2023,6,41
113,UK,2023,7,36
113,UK,2023,8,24
113,UK,2023,9,35
113,UK,2023,10,39
113,UK,2023,11,40
113,UK,2023,12,44
113,UK,2024,1,26
113,UK,2024,2,28
113,UK,2024,3,34
113,UK,2024,4,34
113,UK,2024,5,34
113,UK,2024,6,47
113,UK,2024,7,35
113,UK,2024,8,20
113,UK,2024,9,45
113,UK,2024,10,27
113,UK,2024,11,30
113,UK,2024,12,40
113,PL,2023,1,25
113,PL,2023,2,35
113,PL,2023,3,31
113,PL,2023,4,23
113,PL,2023,5,26
113,PL,2023,6,33
113,PL,2023,7,23
113,PL,2023,8,24
113,PL,2023,9,30
113,PL,2023,10,26
113,PL,2023,11,26
113,PL,2023,12,31
113,PL,2024,1,21
113,PL,2024,2,22
113,PL,2024,3,26
113,PL,2024,4,20
113,PL,2024,5,25
113,PL,2024,6,32
113,PL,2024,7,25
113,PL,2024,8,24
113,PL,2024,9,29
113,PL,2024,10,26
113,PL,2024,11,20
113,PL,2024,12,27
113,RO,2023,1,21
113,RO,2023,2,27
113,RO,2023,3,27
113,RO,2023,4,24
113,RO,2023,5,18
113,RO,2023,6,27
113,RO,2023,7,27
113,RO,2023,8,21
113,RO,2023,9,31
113,RO,2023,10,24
113,RO,2023,11,24
113,RO,2023,12,26
113,RO,2024,1,21
113,RO,2024,2,25
113,RO,2024,3,31
113,RO,2024,4,22
113,RO,2024,5,16
113,RO,2024,6,33
113,RO,2024,7,22
113,RO,2024,8,16
113,RO,2024,9,32
113,RO,2024,10,22
113,RO,2024,11,28
113,RO,2024,12,31
114,DE,2023,1,22
114,DE,2023,2,20
114,DE,2023,3,35
114,DE,2023,4,26
114,DE,2023,5,23
114,DE,2023,6,30
114,DE,2023,7,18
114,DE,2023,8,21
114,DE,2023,9,25
114,DE,2023,10,20
114,DE,2023,11,19
114,DE,2023,12,35
114,DE,2024,1,18
114,DE,2024,2,30
114,DE,2024,3,27
114,DE,2024,4,18
114,DE,2024,5,20
114,DE,2024,6,35
114,DE,2024,7,24
114,DE,2024,8,18
114,DE,2024,9,30
114,DE,2024,10,27
114,DE,2024,11,29
114,DE,2024,12,36
114,FR,2023,1,19
114,FR,2023,2,20
114,FR,2023,3,28
114,FR,2023,4,26
114,FR,2023,5,21
114,FR,2023,6,25
114,FR,2023,7,26
114,FR,2023,8,20
114,FR,2023,9,30
114,FR,2023,10,22
114,FR,2023,11,24
114,FR,2023,12,26
114,FR,2024,1,22
114,FR,2024,2,29
114,FR,2024,3,21
114,FR,2024,4,21
114,FR,2024,5,19
114,FR,2024,6,27
114,FR,2024,7,24
114,FR,2024,8,15
114,FR,2024,9,26
114,FR,2024,10,21
114,FR,2024,11,25
114,FR,2024,12,30
114,IT,2023,1,14
114,IT,2023,2,21
114,IT,2023,3,23
114,IT,2023,4,20
114,IT,2023,5,26
114,IT,2023,6,30
114,IT,2023,7,16
114,IT,2023,8,18
114,IT,2023,9,28
114,IT,2023,10,17
114,IT,2023,11,23
114,IT,2023,12,31
114,IT,2024,1,13
114,IT,2024,2,18
114,IT,2024,3,29
114,IT,2024,4,21
114,IT,2024,5,22
114,IT,2024,6,26
114,IT,2024,7,22
114,IT,2024,8,13
114,IT,2024,9,29
114,IT,2024,10,24
114,IT,2024,11,20
114,IT,2024,12,25
114,ES,2023,1,12
114,ES,2023,2,22
114,ES,2023,3,27
114,ES,2023,4,20
114,ES,2023,5,24
114,ES,2023,6,23
114,ES,2023,7,22
114,ES,2023,8,14
114,ES,2023,9,25
114,ES,2023,10,20
114,ES,2023,11,21
114,ES,2023,12,23
114,ES,2024,1,16
114,ES,2024,2,23
114,ES,2024,3,23
114,ES,2024,4,15
114,ES,2024,5,26
114,ES,2024,6,30
114,ES,2024,7,16
114,ES,2024,8,18
114,ES,2024,9,23
114,ES,2024,10,21
114,ES,2024,11,21
114,ES,2024,12,24
114,UK,2023,1,17
114,UK,2023,2,22
114,UK,2023,3,26
114,UK,2023,4,22
114,UK,2023,5,24
114,UK,2023,6,26
114,UK,2023,7,27
114,UK,2023,8,24
114,UK,2023,9,27
114,UK,2023,10,26
114,UK,2023,11,27
114,UK,2023,12,32
114,UK,2024,1,20
114,UK,2024,2,28
114,UK,2024,3,32
114,UK,2024,4,20
114,UK,2024,5,28
114,UK,2024,6,34
114,UK,2024,7,22
114,UK,2024,8,20
114,UK,2024,9,33
114,UK,2024,10,24
114,UK,2024,11,29
114,UK,2024,12,40
114,PL,2023,1,13
114,PL,2023,2,14
114,PL,2023,3,23
114,PL,2023,4,20
114,PL,2023,5,18
114,PL,2023,6,27
114,PL,2023,7,15
114,PL,2023,8,16
114,PL,2023,9,20
114,PL,2023,10,23
114,PL,2023,11,24
114,PL,2023,12,20
114,PL,2024,1,13
114,PL,2024,2,21
114,PL,2024,3,21
114,PL,2024,4,18
114,PL,2024,5,18
114,PL,2024,6,16
114,PL,2024,7,18
114,PL,2024,8,13
114,PL,2024,9,21
114,PL,2024,10,22
114,PL,2024,11,15
114,PL,2024,12,25
114,RO,2023,1,14
114,RO,2023,2,18
114,RO,2023,3,25
114,RO,2023,4,19
114,RO,2023,5,20
114,RO,2023,6,25
114,RO,2023,7,17
114,RO,2023,8,13
114,RO,2023,9,18
114,RO,2023,10,16
114,RO,2023,11,27
114,RO,2023,12,26
114,RO,2024,1,12
114,RO,2024,2,15
114,RO,2024,3,24
114,RO,2024,4,20
114,RO,2024,5,20
114,RO,2024,6,21
114,RO,2024,7,18
114,RO,2024,8,15
114,RO,2024,9,22
114,RO,2024,10,12
114,RO,2024,11,18
114,RO,2024,12,19
115,DE,2023,1,44
115,DE,2023,2,78
115,DE,2023,3,68
115,DE,2023,4,51
115,DE,2023,5,61
115,DE,2023,6,69
115,DE,2023,7,57
115,DE,2023,8,47
115,DE,2023,9,84
115,DE,2023,10,44
115,DE,2023,11,57
115,DE,2023,12,55
115,DE,2024,1,46
115,DE,2024,2,46
115,DE,2024,3,60
115,DE,2024,4,51
115,DE,2024,5,61
115,DE,2024,6,73
115,DE,2024,7,43
115,DE,2024,8,43
115,DE,2024,9,57
115,DE,2024,10,43
115,DE,2024,11,52
115,DE,2024,12,61
115,FR,2023,1,58
115,FR,2023,2,57
115,FR,2023,3,51
115,FR,2023,4,49
115,FR,2023,5,62
115,FR,2023,6,85
115,FR,2023,7,41
115,FR,2023,8,31
115,FR,2023,9,82
115,FR,2023,10,57
115,FR,2023,11,46
115,FR,2023,12,69
115,FR,2024,1,26
115,FR,2024,2,54
115,FR,2024,3,67
115,FR,2024,4,61
115,FR,2024,5,45
115,FR,2024,6,65
115,FR,2024,7,46
115,FR,2024,8,44
115,FR,2024,9,56
115,FR,2024,10,50
115,FR,2024,11,45
115,FR,2024,12,71
115,IT,2023,1,40
115,IT,2023,2,43
115,IT,2023,3,54
115,IT,2023,4,35
115,IT,2023,5,42
115,IT,2023,6,53
115,IT,2023,7,62
115,IT,2023,8,29
115,IT,2023,9,65
115,IT,2023,10,51
115,IT,2023,11,46
115,IT,2023,12,68
115,IT,2024,1,38
115,IT,2024,2,47
115,IT,2024,3,53
115,IT,2024,4,53
115,IT,2024,5,52
115,IT,2024,6,48
115,IT,2024,7,36
115,IT,2024,8,34
115,IT,2024,9,47
115,IT,2024,10,44
115,IT,2024,11,53
115,IT,2024,12,50
115,ES,2023,1,35
115,ES,2023,2,45
115,ES,2023,3,60
115,ES,2023,4,29
115,ES,2023,5,40
115,ES,2023,6,55
115,ES,2023,7,53
115,ES,2023,8,33
115,ES,2023,9,38
115,ES,2023,10,49
115,ES,2023,11,40
115,ES,2023,12,44
115,ES,2024,1,32
115,ES,2024,2,43
115,ES,2024,3,49
115,ES,2024,4,30
115,ES,2024,5,51
115,ES,2024,6,64
115,ES,2024,7,49
115,ES,2024,8,29
115,ES,2024,9,52
115,ES,2024,10,44
115,ES,2024,11,49
115,ES,2024,12,59
115,UK,2023,1,38
115,UK,2023,2,54
115,UK,2023,3,69
115,UK,2023,4,65
115,UK,2023,5,59
115,UK,2023,6,72
115,UK,2023,7,54
115,UK,2023,8,52
115,UK,2023,9,68
115,UK,2023,10,47
115,UK,2023,11,65
115,UK,2023,12,71
115,UK,2024,1,40
115,UK,2024,2,50
115,UK,2024,3,67
115,UK,2024,4,57
115,UK,2024,5,55
115,UK,2024,6,67
115,UK,2024,7,67
115,UK,2024,8,50
115,UK,2024,9,66
115,UK,2024,10,61
115,UK,2024,11,45
115,UK,2024,12,68
115,PL,2023,1,41
115,PL,2023,2,39
115,PL,2023,3,42
115,PL,2023,4,36
115,PL,2023,5,33
115,PL,2023,6,42
115,PL,2023,7,38
115,PL,2023,8,25
115,PL,2023,9,48
115,PL,2023,10,45
115,PL,2023,11,34
115,PL,2023,12,59
115,PL,2024,1,34
115,PL,2024,2,46
115,PL,2024,3,43
115,PL,2024,4,45
115,PL,2024,5,33
115,PL,2024,6,55
115,PL,2024,7,41
115,PL,2024,8,35
115,PL,2024,9,40
115,PL,2024,10,35
115,PL,2024,11,44
115,PL,2024,12,41
115,RO,2023,1,34
115,RO,2023,2,32
115,RO,2023,3,54
115,RO,2023,4,33
115,RO,2023,5,43
115,RO,2023,6,53
115,RO,2023,7,36
115,RO,2023,8,35
115,RO,2023,9,50
115,RO,2023,10,37
115,RO,2023,11,34
115,RO,2023,12,34
115,RO,2024,1,34
115,RO,2024,2,30
115,RO,2024,3,49
115,RO,2024,4,38
115,RO,2024,5,44
115,RO,2024,6,46
115,RO,2024,7,38
115,RO,2024,8,35
115,RO,2024,9,51
115,RO,2024,10,42
115,RO,2024,11,43
115,RO,2024,12,37
116,DE,2023,1,28
116,DE,2023,2,35
116,DE,2023,3,32
116,DE,2023,4,31
116,DE,2023,5,32
116,DE,2023,6,38
116,DE,2023,7,34
116,DE,2023,8,31
116,DE,2023,9,45
116,DE,2023,10,26
116,DE,2023,11,35
116,DE,2023,12,46
116,DE,2024,1,27
116,DE,2024,2,37
116,DE,2024,3,50
116,DE,2024,4,37
116,DE,2024,5,33
116,DE,2024,6,44
116,DE,2024,7,33
116,DE,2024,8,26
116,DE,2024,9,36
116,DE,2024,10,39
116,DE,2024,11,28
116,DE,2024,12,47
116,FR,2023,1,27
116,FR,2023,2,25
116,FR,2023,3,41
116,FR,2023,4,22
116,FR,2023,5,35
116,FR,2023,6,44
116,FR,2023,7,29
116,FR,2023,8,26
116,FR,2023,9,50
116,FR,2023,10,29
116,FR,2023,11,27
116,FR,2023,12,47
116,FR,2024,1,33
116,FR,2024,2,32
116,FR,2024,3,44
116,FR,2024,4,38
116,FR,2024,5,28
116,FR,2024,6,36
116,FR,2024,7,38
116,FR,2024,8,32
116,FR,2024,9,42
116,FR,2024,10,28
116,FR,2024,11,42
116,FR,2024,12,35
116,IT,2023,1,20
116,IT,2023,2,28
116,IT,2023,3,39
116,IT,2023,4,30
116,IT,2023,5,28
116,IT,2023,6,34
116,IT,2023,7,27
116,IT,2023,8,23
116,IT,2023,9,20
116,IT,2023,10,25
116,IT,2023,11,27
116,IT,2023,12,26
116,IT,2024,1,22
116,IT,2024,2,26
116,IT,2024,3,40
116,IT,2024,4,33
116,IT,2024,5,25
116,IT,2024,6,31
116,IT,2024,7,26
116,IT,2024,8,20
116,IT,2024,9,33
116,IT,2024,10,23
116,IT,2024,11,22
116,IT,2024,12,35
116,ES,2023,1,23
116,ES,2023,2,23
116,ES,2023,3,36
116,ES,2023,4,24
116,ES,2023,5,28
116,ES,2023,6,36
116,ES,2023,7,26
116,ES,2023,8,23
116,ES,2023,9,29
116,ES,2023,10,26
116,ES,2023,11,26
116,ES,2023,12,28
116,ES,2024,1,21
116,ES,2024,2,20
116,ES,2024,3,30
116,ES,2024,4,25
116,ES,2024,5,25
116,ES,2024,6,31
116,ES,2024,7,26
116,ES,2024,8,23
116,ES,2024,9,36
116,ES,2024,10,24
116,ES,2024,11,22
116,ES,2024,12,27
116,UK,2023,1,24
116,UK,2023,2,30
116,UK,2023,3,34
116,UK,2023,4,26
116,UK,2023,5,30
116,UK,2023,6,39
116,UK,2023,7,35
116,UK,2023,8,23
116,UK,2023,9,36
116,UK,2023,10,27
116,UK,2023,11,32
116,UK,2023,12,33
116,UK,2024,1,28
116,UK,2024,2,23
116,UK,2024,3,36
116,UK,2024,4,33
116,UK,2024,5,33
116,UK,2024,6,54
116,UK,2024,7,34
116,UK,2024,8,22
116,UK,2024,9,38
116,UK,2024,10,23
116,UK,2024,11,32
116,UK,2024,12,34
116,PL,2023,1,22
116,PL,2023,2,22
116,PL,2023,3,28
116,PL,2023,4,21
116,PL,2023,5,30
116,PL,2023,6,27
116,PL,2023,7,30
116,PL,2023,8,21
116,PL,2023,9,31
116,PL,2023,10,25
116,PL,2023,11,25
116,PL,2023,12,20
116,PL,2024,1,18
116,PL,2024,2,27
116,PL,2024,3,28
116,PL,2024,4,19
116,PL,2024,5,24
116,PL,2024,6,36
116,PL,2024,7,28
116,PL,2024,8,19
116,PL,2024,9,33
116,PL,2024,10,22
116,PL,2024,11,18
116,PL,2024,12,25
116,RO,2023,1,23
116,RO,2023,2,23
116,RO,2023,3,28
116,RO,2023,4,23
116,RO,2023,5,31
116,RO,2023,6,36
116,RO,2023,7,32
116,RO,2023,8,18
116,RO,2023,9,30
116,RO,2023,10,18
116,RO,2023,11,29
116,RO,2023,12,24
116,RO,2024,1,20
116,RO,2024,2,20
116,RO,2024,3,26
116,RO,2024,4,21
116,RO,2024,5,22
116,RO,2024,6,26
116,RO,2024,7,22
116,RO,2024,8,21
116,RO,2024,9,24
116,RO,2024,10,25
116,RO,2024,11,28
116,RO,2024,12,26
117,DE,2023,1,17
117,DE,2023,2,24
117,DE,2023,3,35
117,DE,2023,4,25
117,DE,2023,5,23
117,DE,2023,6,32
117,DE,2023,7,21
117,DE,2023,8,22
117,DE,2023,9,32
117,DE,2023,10,24
117,DE,2023,11,22
117,DE,2023,12,26
117,DE,2024,1,21
117,DE,2024,2,29
117,DE,2024,3,27
117,DE,2024,4,26
117,DE,2024,5,17
117,DE,2024,6,27
117,DE,2024,7,25
117,DE,2024,8,17
117,DE,2024,9,25
117,DE,2024,10,22
117,DE,2024,11,26
117,DE,2024,12,29
117,FR,2023,1,13
117,FR,2023,2,17
117,FR,2023,3,27
117,FR,2023,4,26
117,FR,2023,5,14
117,FR,2023,6,27
117,FR,2023,7,23
117,FR,2023,8,24
117,FR,2023,9,28
117,FR,2023,10,26
117,FR,2023,11,25
117,FR,2023,12,20
117,FR,2024,1,22
117,FR,2024,2,26
117,FR,2024,3,32
117,FR,2024,4,40
117,FR,2024,5,17
117,FR,2024,6,38
117,FR,2024,7,24
117,FR,2024,8,21
117,FR,2024,9,30
117,FR,2024,10,23
117,FR,2024,11,23
117,FR,2024,12,31
117,IT,2023,1,12
117,IT,2023,2,23
117,IT,2023,3,23
117,IT,2023,4,17
117,IT,2023,5,19
117,IT,2023,6,29
117,IT,2023,7,19
117,IT,2023,8,17
117,IT,2023,9,22
117,IT,2023,10,23
117,IT,2023,11,23
117,IT,2023,12,32
117,IT,2024,1,16
117,IT,2024,2,23
117,IT,2024,3,25
117,IT,2024,4,25
117,IT,2024,5,18
117,IT,2024,6,28
117,IT,2024,7,20
117,IT,2024,8,16
117,IT,2024,9,25
117,IT,2024,10,21
117,IT,2024,11,20
117,IT,2024,12,26
117,ES,2023,1,20
117,ES,2023,2,24
117,ES,2023,3,28
117,ES,2023,4,19
117,ES,2023,5,18
117,ES,2023,6,28
117,ES,2023,7,23
117,ES,2023,8,20
117,ES,2023,9,22
117,ES,2023,10,20
117,ES,2023,11,15
117,ES,2023,12,23
117,ES,2024,1,19
117,ES,2024,2,19
117,ES,2024,3,27
117,ES,2024,4,20
117,ES,2024,5,22
117,ES,2024,6,20
117,ES,2024,7,21
117,ES,2024,8,9
117,ES,2024,9,24
117,ES,2024,10,15
117,ES,2024,11,24
117,ES,2024,12,28
117,UK,2023,1,21
117,UK,2023,2,30
117,UK,2023,3,25
117,UK,2023,4,31
117,UK,2023,5,28
117,UK,2023,6,29
117,UK,2023,7,29
117,UK,2023,8,16
117,UK,2023,9,26
117,UK,2023,10,22
117,UK,2023,11,23
117,UK,2023,12,25
117,UK,2024,1,23
117,UK,2024,2,24
117,UK,2024,3,31
117,UK,2024,4,23
117,UK,2024,5,18
117,UK,2024,6,31
117,UK,2024,7,17
117,UK,2024,8,19
117,UK,2024,9,24
117,UK,2024,10,32
117,UK,2024,11,28
117,UK,2024,12,30
117,PL,2023,1,17
117,PL,2023,2,16
117,PL,2023,3,24
117,PL,2023,4,19
117,PL,2023,5,19
117,PL,2023,6,27
117,PL,2023,7,20
117,PL,2023,8,15
117,PL,2023,9,17
117,PL,2023,10,16
117,PL,2023,11,18
117,PL,2023,12,22
117,PL,2024,1,12
117,PL,2024,2,25
117,PL,2024,3,27
117,PL,2024,4,20
117,PL,2024,5,19
117,PL,2024,6,21
117,PL,2024,7,16
117,PL,2024,8,15
117,PL,2024,9,23
117,PL,2024,10,15
117,PL,2024,11,19
117,PL,2024,12,22
117,RO,2023,1,10
117,RO,2023,2,16
117,RO,2023,3,21
117,RO,2023,4,24
117,RO,2023,5,20
117,RO,2023,6,18
117,RO,2023,7,20
117,RO,2023,8,11
117,RO,2023,9,26
117,RO,2023,10,17
117,RO,2023,11,18
117,RO,2023,12,27
117,RO,2024,1,12
117,RO,2024,2,14
117,RO,2024,3,20
117,RO,2024,4,21
117,RO,2024,5,14
117,RO,2024,6,13
117,RO,2024,7,17
117,RO,2024,8,16
117,RO,2024,9,26
117,RO,2024,10,17
117,RO,2024,11,17
117,RO,2024,12,26
